book_id,page_id,image_path,text_path,image_bytes,text_bytes,image_width,image_height
2015.328360.Andhra-Mahaniyulu,page_0002,data/raw/telugu-ocr/2015.328360.Andhra-Mahaniyulu/page_0002.jpg,data/raw/telugu-ocr/2015.328360.Andhra-Mahaniyulu/page_0002.txt,176344,40,1500,2155
2015.328360.Andhra-Mahaniyulu,page_0004,data/raw/telugu-ocr/2015.328360.Andhra-Mahaniyulu/page_0004.jpg,data/raw/telugu-ocr/2015.328360.Andhra-Mahaniyulu/page_0004.txt,367361,2191,1500,2155
2015.328360.Andhra-Mahaniyulu,page_0005,data/raw/telugu-ocr/2015.328360.Andhra-Mahaniyulu/page_0005.jpg,data/raw/telugu-ocr/2015.328360.Andhra-Mahaniyulu/page_0005.txt,486256,2932,1500,2155
2015.328360.Andhra-Mahaniyulu,page_0006,data/raw/telugu-ocr/2015.328360.Andhra-Mahaniyulu/page_0006.jpg,data/raw/telugu-ocr/2015.328360.Andhra-Mahaniyulu/page_0006.txt,490581,2830,1500,2155
2015.328360.Andhra-Mahaniyulu,page_0007,data/raw/telugu-ocr/2015.328360.Andhra-Mahaniyulu/page_0007.jpg,data/raw/telugu-ocr/2015.328360.Andhra-Mahaniyulu/page_0007.txt,494685,2846,1500,2155
2015.328360.Andhra-Mahaniyulu,page_0008,data/raw/telugu-ocr/2015.328360.Andhra-Mahaniyulu/page_0008.jpg,data/raw/telugu-ocr/2015.328360.Andhra-Mahaniyulu/page_0008.txt,470465,2826,1500,2155
2015.328360.Andhra-Mahaniyulu,page_0009,data/raw/telugu-ocr/2015.328360.Andhra-Mahaniyulu/page_0009.jpg,data/raw/telugu-ocr/2015.328360.Andhra-Mahaniyulu/page_0009.txt,459819,2632,1500,2155
2015.328360.Andhra-Mahaniyulu,page_0010,data/raw/telugu-ocr/2015.328360.Andhra-Mahaniyulu/page_0010.jpg,data/raw/telugu-ocr/2015.328360.Andhra-Mahaniyulu/page_0010.txt,474951,2898,1500,2155
2015.328360.Andhra-Mahaniyulu,page_0011,data/raw/telugu-ocr/2015.328360.Andhra-Mahaniyulu/page_0011.jpg,data/raw/telugu-ocr/2015.328360.Andhra-Mahaniyulu/page_0011.txt,478341,2807,1500,2155
2015.328360.Andhra-Mahaniyulu,page_0012,data/raw/telugu-ocr/2015.328360.Andhra-Mahaniyulu/page_0012.jpg,data/raw/telugu-ocr/2015.328360.Andhra-Mahaniyulu/page_0012.txt,500818,2895,1500,2155
2015.328360.Andhra-Mahaniyulu,page_0013,data/raw/telugu-ocr/2015.328360.Andhra-Mahaniyulu/page_0013.jpg,data/raw/telugu-ocr/2015.328360.Andhra-Mahaniyulu/page_0013.txt,465957,2677,1500,2155
2015.328360.Andhra-Mahaniyulu,page_0014,data/raw/telugu-ocr/2015.328360.Andhra-Mahaniyulu/page_0014.jpg,data/raw/telugu-ocr/2015.328360.Andhra-Mahaniyulu/page_0014.txt,505408,3014,1500,2155
2015.328360.Andhra-Mahaniyulu,page_0015,data/raw/telugu-ocr/2015.328360.Andhra-Mahaniyulu/page_0015.jpg,data/raw/telugu-ocr/2015.328360.Andhra-Mahaniyulu/page_0015.txt,448469,2691,1500,2155
2015.328360.Andhra-Mahaniyulu,page_0016,data/raw/telugu-ocr/2015.328360.Andhra-Mahaniyulu/page_0016.jpg,data/raw/telugu-ocr/2015.328360.Andhra-Mahaniyulu/page_0016.txt,498392,2787,1500,2155
2015.328360.Andhra-Mahaniyulu,page_0020,data/raw/telugu-ocr/2015.328360.Andhra-Mahaniyulu/page_0020.jpg,data/raw/telugu-ocr/2015.328360.Andhra-Mahaniyulu/page_0020.txt,479893,2739,1500,2155
2015.328360.Andhra-Mahaniyulu,page_0021,data/raw/telugu-ocr/2015.328360.Andhra-Mahaniyulu/page_0021.jpg,data/raw/telugu-ocr/2015.328360.Andhra-Mahaniyulu/page_0021.txt,484645,2862,1500,2155
2015.328360.Andhra-Mahaniyulu,page_0022,data/raw/telugu-ocr/2015.328360.Andhra-Mahaniyulu/page_0022.jpg,data/raw/telugu-ocr/2015.328360.Andhra-Mahaniyulu/page_0022.txt,464301,2721,1500,2155
2015.328360.Andhra-Mahaniyulu,page_0024,data/raw/telugu-ocr/2015.328360.Andhra-Mahaniyulu/page_0024.jpg,data/raw/telugu-ocr/2015.328360.Andhra-Mahaniyulu/page_0024.txt,518265,2952,1500,2155
2015.328360.Andhra-Mahaniyulu,page_0025,data/raw/telugu-ocr/2015.328360.Andhra-Mahaniyulu/page_0025.jpg,data/raw/telugu-ocr/2015.328360.Andhra-Mahaniyulu/page_0025.txt,489977,2979,1500,2155
2015.328360.Andhra-Mahaniyulu,page_0026,data/raw/telugu-ocr/2015.328360.Andhra-Mahaniyulu/page_0026.jpg,data/raw/telugu-ocr/2015.328360.Andhra-Mahaniyulu/page_0026.txt,491449,2955,1500,2155
2015.328360.Andhra-Mahaniyulu,page_0029,data/raw/telugu-ocr/2015.328360.Andhra-Mahaniyulu/page_0029.jpg,data/raw/telugu-ocr/2015.328360.Andhra-Mahaniyulu/page_0029.txt,498107,2915,1500,2155
2015.328360.Andhra-Mahaniyulu,page_0032,data/raw/telugu-ocr/2015.328360.Andhra-Mahaniyulu/page_0032.jpg,data/raw/telugu-ocr/2015.328360.Andhra-Mahaniyulu/page_0032.txt,482996,2830,1500,2155
2015.328360.Andhra-Mahaniyulu,page_0033,data/raw/telugu-ocr/2015.328360.Andhra-Mahaniyulu/page_0033.jpg,data/raw/telugu-ocr/2015.328360.Andhra-Mahaniyulu/page_0033.txt,480539,2850,1500,2155
2015.328360.Andhra-Mahaniyulu,page_0034,data/raw/telugu-ocr/2015.328360.Andhra-Mahaniyulu/page_0034.jpg,data/raw/telugu-ocr/2015.328360.Andhra-Mahaniyulu/page_0034.txt,465018,2572,1500,2155
2015.328360.Andhra-Mahaniyulu,page_0035,data/raw/telugu-ocr/2015.328360.Andhra-Mahaniyulu/page_0035.jpg,data/raw/telugu-ocr/2015.328360.Andhra-Mahaniyulu/page_0035.txt,469142,2729,1500,2155
2015.328360.Andhra-Mahaniyulu,page_0037,data/raw/telugu-ocr/2015.328360.Andhra-Mahaniyulu/page_0037.jpg,data/raw/telugu-ocr/2015.328360.Andhra-Mahaniyulu/page_0037.txt,450865,2675,1500,2155
2015.328360.Andhra-Mahaniyulu,page_0038,data/raw/telugu-ocr/2015.328360.Andhra-Mahaniyulu/page_0038.jpg,data/raw/telugu-ocr/2015.328360.Andhra-Mahaniyulu/page_0038.txt,478050,2758,1500,2155
2015.328360.Andhra-Mahaniyulu,page_0040,data/raw/telugu-ocr/2015.328360.Andhra-Mahaniyulu/page_0040.jpg,data/raw/telugu-ocr/2015.328360.Andhra-Mahaniyulu/page_0040.txt,490013,2743,1500,2155
2015.328360.Andhra-Mahaniyulu,page_0043,data/raw/telugu-ocr/2015.328360.Andhra-Mahaniyulu/page_0043.jpg,data/raw/telugu-ocr/2015.328360.Andhra-Mahaniyulu/page_0043.txt,470807,2720,1500,2155
2015.328360.Andhra-Mahaniyulu,page_0044,data/raw/telugu-ocr/2015.328360.Andhra-Mahaniyulu/page_0044.jpg,data/raw/telugu-ocr/2015.328360.Andhra-Mahaniyulu/page_0044.txt,353402,1946,1500,2155
2015.328360.Andhra-Mahaniyulu,page_0046,data/raw/telugu-ocr/2015.328360.Andhra-Mahaniyulu/page_0046.jpg,data/raw/telugu-ocr/2015.328360.Andhra-Mahaniyulu/page_0046.txt,398133,2163,1500,2155
2015.328360.Andhra-Mahaniyulu,page_0050,data/raw/telugu-ocr/2015.328360.Andhra-Mahaniyulu/page_0050.jpg,data/raw/telugu-ocr/2015.328360.Andhra-Mahaniyulu/page_0050.txt,496093,2861,1500,2155
2015.328360.Andhra-Mahaniyulu,page_0051,data/raw/telugu-ocr/2015.328360.Andhra-Mahaniyulu/page_0051.jpg,data/raw/telugu-ocr/2015.328360.Andhra-Mahaniyulu/page_0051.txt,479754,2885,1500,2155
2015.328360.Andhra-Mahaniyulu,page_0052,data/raw/telugu-ocr/2015.328360.Andhra-Mahaniyulu/page_0052.jpg,data/raw/telugu-ocr/2015.328360.Andhra-Mahaniyulu/page_0052.txt,491865,2634,1500,2155
2015.328360.Andhra-Mahaniyulu,page_0053,data/raw/telugu-ocr/2015.328360.Andhra-Mahaniyulu/page_0053.jpg,data/raw/telugu-ocr/2015.328360.Andhra-Mahaniyulu/page_0053.txt,471708,2731,1500,2155
2015.328360.Andhra-Mahaniyulu,page_0054,data/raw/telugu-ocr/2015.328360.Andhra-Mahaniyulu/page_0054.jpg,data/raw/telugu-ocr/2015.328360.Andhra-Mahaniyulu/page_0054.txt,469294,2659,1500,2155
2015.328360.Andhra-Mahaniyulu,page_0055,data/raw/telugu-ocr/2015.328360.Andhra-Mahaniyulu/page_0055.jpg,data/raw/telugu-ocr/2015.328360.Andhra-Mahaniyulu/page_0055.txt,486174,2727,1500,2155
2015.328360.Andhra-Mahaniyulu,page_0056,data/raw/telugu-ocr/2015.328360.Andhra-Mahaniyulu/page_0056.jpg,data/raw/telugu-ocr/2015.328360.Andhra-Mahaniyulu/page_0056.txt,504650,2730,1500,2155
2015.328360.Andhra-Mahaniyulu,page_0058,data/raw/telugu-ocr/2015.328360.Andhra-Mahaniyulu/page_0058.jpg,data/raw/telugu-ocr/2015.328360.Andhra-Mahaniyulu/page_0058.txt,469943,2628,1500,2155
2015.328360.Andhra-Mahaniyulu,page_0060,data/raw/telugu-ocr/2015.328360.Andhra-Mahaniyulu/page_0060.jpg,data/raw/telugu-ocr/2015.328360.Andhra-Mahaniyulu/page_0060.txt,479654,2691,1500,2155
2015.328360.Andhra-Mahaniyulu,page_0062,data/raw/telugu-ocr/2015.328360.Andhra-Mahaniyulu/page_0062.jpg,data/raw/telugu-ocr/2015.328360.Andhra-Mahaniyulu/page_0062.txt,487789,2803,1500,2155
2015.328360.Andhra-Mahaniyulu,page_0063,data/raw/telugu-ocr/2015.328360.Andhra-Mahaniyulu/page_0063.jpg,data/raw/telugu-ocr/2015.328360.Andhra-Mahaniyulu/page_0063.txt,477050,2666,1500,2155
2015.328360.Andhra-Mahaniyulu,page_0065,data/raw/telugu-ocr/2015.328360.Andhra-Mahaniyulu/page_0065.jpg,data/raw/telugu-ocr/2015.328360.Andhra-Mahaniyulu/page_0065.txt,482679,2761,1500,2155
2015.328360.Andhra-Mahaniyulu,page_0066,data/raw/telugu-ocr/2015.328360.Andhra-Mahaniyulu/page_0066.jpg,data/raw/telugu-ocr/2015.328360.Andhra-Mahaniyulu/page_0066.txt,495175,2849,1500,2155
2015.328360.Andhra-Mahaniyulu,page_0067,data/raw/telugu-ocr/2015.328360.Andhra-Mahaniyulu/page_0067.jpg,data/raw/telugu-ocr/2015.328360.Andhra-Mahaniyulu/page_0067.txt,496093,2796,1500,2155
2015.328360.Andhra-Mahaniyulu,page_0069,data/raw/telugu-ocr/2015.328360.Andhra-Mahaniyulu/page_0069.jpg,data/raw/telugu-ocr/2015.328360.Andhra-Mahaniyulu/page_0069.txt,449680,2561,1500,2155
2015.328360.Andhra-Mahaniyulu,page_0070,data/raw/telugu-ocr/2015.328360.Andhra-Mahaniyulu/page_0070.jpg,data/raw/telugu-ocr/2015.328360.Andhra-Mahaniyulu/page_0070.txt,483063,2785,1500,2155
2015.328360.Andhra-Mahaniyulu,page_0073,data/raw/telugu-ocr/2015.328360.Andhra-Mahaniyulu/page_0073.jpg,data/raw/telugu-ocr/2015.328360.Andhra-Mahaniyulu/page_0073.txt,479799,2657,1500,2155
2015.328360.Andhra-Mahaniyulu,page_0074,data/raw/telugu-ocr/2015.328360.Andhra-Mahaniyulu/page_0074.jpg,data/raw/telugu-ocr/2015.328360.Andhra-Mahaniyulu/page_0074.txt,496176,2753,1500,2155
2015.328360.Andhra-Mahaniyulu,page_0075,data/raw/telugu-ocr/2015.328360.Andhra-Mahaniyulu/page_0075.jpg,data/raw/telugu-ocr/2015.328360.Andhra-Mahaniyulu/page_0075.txt,506018,2697,1500,2155
2015.328360.Andhra-Mahaniyulu,page_0076,data/raw/telugu-ocr/2015.328360.Andhra-Mahaniyulu/page_0076.jpg,data/raw/telugu-ocr/2015.328360.Andhra-Mahaniyulu/page_0076.txt,475725,2623,1500,2155
2015.328360.Andhra-Mahaniyulu,page_0077,data/raw/telugu-ocr/2015.328360.Andhra-Mahaniyulu/page_0077.jpg,data/raw/telugu-ocr/2015.328360.Andhra-Mahaniyulu/page_0077.txt,494280,2675,1500,2155
2015.328360.Andhra-Mahaniyulu,page_0078,data/raw/telugu-ocr/2015.328360.Andhra-Mahaniyulu/page_0078.jpg,data/raw/telugu-ocr/2015.328360.Andhra-Mahaniyulu/page_0078.txt,492174,2679,1500,2155
2015.328360.Andhra-Mahaniyulu,page_0081,data/raw/telugu-ocr/2015.328360.Andhra-Mahaniyulu/page_0081.jpg,data/raw/telugu-ocr/2015.328360.Andhra-Mahaniyulu/page_0081.txt,360624,1659,1500,2155
2015.328360.Andhra-Mahaniyulu,page_0082,data/raw/telugu-ocr/2015.328360.Andhra-Mahaniyulu/page_0082.jpg,data/raw/telugu-ocr/2015.328360.Andhra-Mahaniyulu/page_0082.txt,323436,1481,1500,2155
2015.328360.Andhra-Mahaniyulu,page_0083,data/raw/telugu-ocr/2015.328360.Andhra-Mahaniyulu/page_0083.jpg,data/raw/telugu-ocr/2015.328360.Andhra-Mahaniyulu/page_0083.txt,335816,1702,1500,2155
2015.328360.Andhra-Mahaniyulu,page_0084,data/raw/telugu-ocr/2015.328360.Andhra-Mahaniyulu/page_0084.jpg,data/raw/telugu-ocr/2015.328360.Andhra-Mahaniyulu/page_0084.txt,371028,1756,1500,2155
2015.328360.Andhra-Mahaniyulu,page_0085,data/raw/telugu-ocr/2015.328360.Andhra-Mahaniyulu/page_0085.jpg,data/raw/telugu-ocr/2015.328360.Andhra-Mahaniyulu/page_0085.txt,502703,2737,1500,2155
2015.328360.Andhra-Mahaniyulu,page_0086,data/raw/telugu-ocr/2015.328360.Andhra-Mahaniyulu/page_0086.jpg,data/raw/telugu-ocr/2015.328360.Andhra-Mahaniyulu/page_0086.txt,484600,2659,1500,2155
2015.328360.Andhra-Mahaniyulu,page_0087,data/raw/telugu-ocr/2015.328360.Andhra-Mahaniyulu/page_0087.jpg,data/raw/telugu-ocr/2015.328360.Andhra-Mahaniyulu/page_0087.txt,472128,2460,1500,2155
2015.385293.Paarijaata-Paharanamu,page_0002,data/raw/telugu-ocr/2015.385293.Paarijaata-Paharanamu/page_0002.jpg,data/raw/telugu-ocr/2015.385293.Paarijaata-Paharanamu/page_0002.txt,260924,243,1500,2284
2015.385293.Paarijaata-Paharanamu,page_0004,data/raw/telugu-ocr/2015.385293.Paarijaata-Paharanamu/page_0004.jpg,data/raw/telugu-ocr/2015.385293.Paarijaata-Paharanamu/page_0004.txt,444572,2266,1500,2284
2015.385293.Paarijaata-Paharanamu,page_0005,data/raw/telugu-ocr/2015.385293.Paarijaata-Paharanamu/page_0005.jpg,data/raw/telugu-ocr/2015.385293.Paarijaata-Paharanamu/page_0005.txt,542637,2995,1500,2284
2015.385293.Paarijaata-Paharanamu,page_0006,data/raw/telugu-ocr/2015.385293.Paarijaata-Paharanamu/page_0006.jpg,data/raw/telugu-ocr/2015.385293.Paarijaata-Paharanamu/page_0006.txt,532400,3114,1500,2284
2015.385293.Paarijaata-Paharanamu,page_0007,data/raw/telugu-ocr/2015.385293.Paarijaata-Paharanamu/page_0007.jpg,data/raw/telugu-ocr/2015.385293.Paarijaata-Paharanamu/page_0007.txt,596375,3289,1500,2284
2015.385293.Paarijaata-Paharanamu,page_0008,data/raw/telugu-ocr/2015.385293.Paarijaata-Paharanamu/page_0008.jpg,data/raw/telugu-ocr/2015.385293.Paarijaata-Paharanamu/page_0008.txt,453819,2713,1500,2284
2015.385293.Paarijaata-Paharanamu,page_0009,data/raw/telugu-ocr/2015.385293.Paarijaata-Paharanamu/page_0009.jpg,data/raw/telugu-ocr/2015.385293.Paarijaata-Paharanamu/page_0009.txt,483982,2833,1500,2284
2015.385293.Paarijaata-Paharanamu,page_0010,data/raw/telugu-ocr/2015.385293.Paarijaata-Paharanamu/page_0010.jpg,data/raw/telugu-ocr/2015.385293.Paarijaata-Paharanamu/page_0010.txt,539014,3074,1500,2284
2015.385293.Paarijaata-Paharanamu,page_0011,data/raw/telugu-ocr/2015.385293.Paarijaata-Paharanamu/page_0011.jpg,data/raw/telugu-ocr/2015.385293.Paarijaata-Paharanamu/page_0011.txt,576686,3221,1500,2284
2015.385293.Paarijaata-Paharanamu,page_0012,data/raw/telugu-ocr/2015.385293.Paarijaata-Paharanamu/page_0012.jpg,data/raw/telugu-ocr/2015.385293.Paarijaata-Paharanamu/page_0012.txt,543711,3071,1500,2284
2015.385293.Paarijaata-Paharanamu,page_0013,data/raw/telugu-ocr/2015.385293.Paarijaata-Paharanamu/page_0013.jpg,data/raw/telugu-ocr/2015.385293.Paarijaata-Paharanamu/page_0013.txt,398358,2138,1500,2284
2015.385293.Paarijaata-Paharanamu,page_0014,data/raw/telugu-ocr/2015.385293.Paarijaata-Paharanamu/page_0014.jpg,data/raw/telugu-ocr/2015.385293.Paarijaata-Paharanamu/page_0014.txt,421118,1917,1500,2284
2015.385293.Paarijaata-Paharanamu,page_0015,data/raw/telugu-ocr/2015.385293.Paarijaata-Paharanamu/page_0015.jpg,data/raw/telugu-ocr/2015.385293.Paarijaata-Paharanamu/page_0015.txt,536223,3602,1500,2284
2015.385293.Paarijaata-Paharanamu,page_0016,data/raw/telugu-ocr/2015.385293.Paarijaata-Paharanamu/page_0016.jpg,data/raw/telugu-ocr/2015.385293.Paarijaata-Paharanamu/page_0016.txt,390248,2242,1500,2284
2015.385293.Paarijaata-Paharanamu,page_0017,data/raw/telugu-ocr/2015.385293.Paarijaata-Paharanamu/page_0017.jpg,data/raw/telugu-ocr/2015.385293.Paarijaata-Paharanamu/page_0017.txt,373201,2022,1500,2284
2015.385293.Paarijaata-Paharanamu,page_0018,data/raw/telugu-ocr/2015.385293.Paarijaata-Paharanamu/page_0018.jpg,data/raw/telugu-ocr/2015.385293.Paarijaata-Paharanamu/page_0018.txt,423275,2258,1500,2284
2015.385293.Paarijaata-Paharanamu,page_0019,data/raw/telugu-ocr/2015.385293.Paarijaata-Paharanamu/page_0019.jpg,data/raw/telugu-ocr/2015.385293.Paarijaata-Paharanamu/page_0019.txt,487092,2653,1500,2284
2015.385293.Paarijaata-Paharanamu,page_0020,data/raw/telugu-ocr/2015.385293.Paarijaata-Paharanamu/page_0020.jpg,data/raw/telugu-ocr/2015.385293.Paarijaata-Paharanamu/page_0020.txt,368895,1941,1500,2284
2015.385293.Paarijaata-Paharanamu,page_0021,data/raw/telugu-ocr/2015.385293.Paarijaata-Paharanamu/page_0021.jpg,data/raw/telugu-ocr/2015.385293.Paarijaata-Paharanamu/page_0021.txt,330654,1602,1500,2284
2015.385293.Paarijaata-Paharanamu,page_0022,data/raw/telugu-ocr/2015.385293.Paarijaata-Paharanamu/page_0022.jpg,data/raw/telugu-ocr/2015.385293.Paarijaata-Paharanamu/page_0022.txt,304963,1600,1500,2284
2015.385293.Paarijaata-Paharanamu,page_0023,data/raw/telugu-ocr/2015.385293.Paarijaata-Paharanamu/page_0023.jpg,data/raw/telugu-ocr/2015.385293.Paarijaata-Paharanamu/page_0023.txt,488434,2588,1500,2284
2015.385293.Paarijaata-Paharanamu,page_0024,data/raw/telugu-ocr/2015.385293.Paarijaata-Paharanamu/page_0024.jpg,data/raw/telugu-ocr/2015.385293.Paarijaata-Paharanamu/page_0024.txt,429189,2658,1500,2284
2015.385293.Paarijaata-Paharanamu,page_0025,data/raw/telugu-ocr/2015.385293.Paarijaata-Paharanamu/page_0025.jpg,data/raw/telugu-ocr/2015.385293.Paarijaata-Paharanamu/page_0025.txt,380441,2244,1500,2284
2015.385293.Paarijaata-Paharanamu,page_0026,data/raw/telugu-ocr/2015.385293.Paarijaata-Paharanamu/page_0026.jpg,data/raw/telugu-ocr/2015.385293.Paarijaata-Paharanamu/page_0026.txt,485545,3050,1500,2284
2015.385293.Paarijaata-Paharanamu,page_0027,data/raw/telugu-ocr/2015.385293.Paarijaata-Paharanamu/page_0027.jpg,data/raw/telugu-ocr/2015.385293.Paarijaata-Paharanamu/page_0027.txt,403643,2262,1500,2284
2015.385293.Paarijaata-Paharanamu,page_0028,data/raw/telugu-ocr/2015.385293.Paarijaata-Paharanamu/page_0028.jpg,data/raw/telugu-ocr/2015.385293.Paarijaata-Paharanamu/page_0028.txt,478116,2558,1500,2284
2015.385293.Paarijaata-Paharanamu,page_0029,data/raw/telugu-ocr/2015.385293.Paarijaata-Paharanamu/page_0029.jpg,data/raw/telugu-ocr/2015.385293.Paarijaata-Paharanamu/page_0029.txt,452935,2549,1500,2284
2015.385293.Paarijaata-Paharanamu,page_0030,data/raw/telugu-ocr/2015.385293.Paarijaata-Paharanamu/page_0030.jpg,data/raw/telugu-ocr/2015.385293.Paarijaata-Paharanamu/page_0030.txt,485473,2909,1500,2284
2015.385293.Paarijaata-Paharanamu,page_0031,data/raw/telugu-ocr/2015.385293.Paarijaata-Paharanamu/page_0031.jpg,data/raw/telugu-ocr/2015.385293.Paarijaata-Paharanamu/page_0031.txt,436325,2435,1500,2284
2015.385293.Paarijaata-Paharanamu,page_0032,data/raw/telugu-ocr/2015.385293.Paarijaata-Paharanamu/page_0032.jpg,data/raw/telugu-ocr/2015.385293.Paarijaata-Paharanamu/page_0032.txt,443788,2408,1500,2284
2015.385293.Paarijaata-Paharanamu,page_0033,data/raw/telugu-ocr/2015.385293.Paarijaata-Paharanamu/page_0033.jpg,data/raw/telugu-ocr/2015.385293.Paarijaata-Paharanamu/page_0033.txt,464674,2507,1500,2284
2015.385293.Paarijaata-Paharanamu,page_0034,data/raw/telugu-ocr/2015.385293.Paarijaata-Paharanamu/page_0034.jpg,data/raw/telugu-ocr/2015.385293.Paarijaata-Paharanamu/page_0034.txt,374045,2039,1500,2284
2015.385293.Paarijaata-Paharanamu,page_0035,data/raw/telugu-ocr/2015.385293.Paarijaata-Paharanamu/page_0035.jpg,data/raw/telugu-ocr/2015.385293.Paarijaata-Paharanamu/page_0035.txt,414520,2275,1500,2284
2015.385293.Paarijaata-Paharanamu,page_0036,data/raw/telugu-ocr/2015.385293.Paarijaata-Paharanamu/page_0036.jpg,data/raw/telugu-ocr/2015.385293.Paarijaata-Paharanamu/page_0036.txt,457508,2638,1500,2284
2015.385293.Paarijaata-Paharanamu,page_0037,data/raw/telugu-ocr/2015.385293.Paarijaata-Paharanamu/page_0037.jpg,data/raw/telugu-ocr/2015.385293.Paarijaata-Paharanamu/page_0037.txt,424137,2414,1500,2284
2015.385293.Paarijaata-Paharanamu,page_0038,data/raw/telugu-ocr/2015.385293.Paarijaata-Paharanamu/page_0038.jpg,data/raw/telugu-ocr/2015.385293.Paarijaata-Paharanamu/page_0038.txt,481735,2460,1500,2284
2015.385293.Paarijaata-Paharanamu,page_0039,data/raw/telugu-ocr/2015.385293.Paarijaata-Paharanamu/page_0039.jpg,data/raw/telugu-ocr/2015.385293.Paarijaata-Paharanamu/page_0039.txt,517323,2944,1500,2284
2015.385293.Paarijaata-Paharanamu,page_0040,data/raw/telugu-ocr/2015.385293.Paarijaata-Paharanamu/page_0040.jpg,data/raw/telugu-ocr/2015.385293.Paarijaata-Paharanamu/page_0040.txt,502801,3033,1500,2284
2015.385293.Paarijaata-Paharanamu,page_0041,data/raw/telugu-ocr/2015.385293.Paarijaata-Paharanamu/page_0041.jpg,data/raw/telugu-ocr/2015.385293.Paarijaata-Paharanamu/page_0041.txt,437135,2301,1500,2284
2015.385293.Paarijaata-Paharanamu,page_0042,data/raw/telugu-ocr/2015.385293.Paarijaata-Paharanamu/page_0042.jpg,data/raw/telugu-ocr/2015.385293.Paarijaata-Paharanamu/page_0042.txt,431884,2739,1500,2284
2015.385293.Paarijaata-Paharanamu,page_0043,data/raw/telugu-ocr/2015.385293.Paarijaata-Paharanamu/page_0043.jpg,data/raw/telugu-ocr/2015.385293.Paarijaata-Paharanamu/page_0043.txt,469889,2297,1500,2284
2015.385293.Paarijaata-Paharanamu,page_0044,data/raw/telugu-ocr/2015.385293.Paarijaata-Paharanamu/page_0044.jpg,data/raw/telugu-ocr/2015.385293.Paarijaata-Paharanamu/page_0044.txt,387716,1956,1500,2284
2015.385293.Paarijaata-Paharanamu,page_0045,data/raw/telugu-ocr/2015.385293.Paarijaata-Paharanamu/page_0045.jpg,data/raw/telugu-ocr/2015.385293.Paarijaata-Paharanamu/page_0045.txt,459384,2359,1500,2284
2015.385293.Paarijaata-Paharanamu,page_0046,data/raw/telugu-ocr/2015.385293.Paarijaata-Paharanamu/page_0046.jpg,data/raw/telugu-ocr/2015.385293.Paarijaata-Paharanamu/page_0046.txt,435201,2545,1500,2284
2015.385293.Paarijaata-Paharanamu,page_0047,data/raw/telugu-ocr/2015.385293.Paarijaata-Paharanamu/page_0047.jpg,data/raw/telugu-ocr/2015.385293.Paarijaata-Paharanamu/page_0047.txt,415489,2465,1500,2284
2015.385293.Paarijaata-Paharanamu,page_0048,data/raw/telugu-ocr/2015.385293.Paarijaata-Paharanamu/page_0048.jpg,data/raw/telugu-ocr/2015.385293.Paarijaata-Paharanamu/page_0048.txt,407123,1998,1500,2284
2015.385293.Paarijaata-Paharanamu,page_0049,data/raw/telugu-ocr/2015.385293.Paarijaata-Paharanamu/page_0049.jpg,data/raw/telugu-ocr/2015.385293.Paarijaata-Paharanamu/page_0049.txt,457327,2561,1500,2284
2015.385293.Paarijaata-Paharanamu,page_0050,data/raw/telugu-ocr/2015.385293.Paarijaata-Paharanamu/page_0050.jpg,data/raw/telugu-ocr/2015.385293.Paarijaata-Paharanamu/page_0050.txt,515824,2805,1500,2284
2015.385293.Paarijaata-Paharanamu,page_0051,data/raw/telugu-ocr/2015.385293.Paarijaata-Paharanamu/page_0051.jpg,data/raw/telugu-ocr/2015.385293.Paarijaata-Paharanamu/page_0051.txt,391234,2221,1500,2284
2015.385293.Paarijaata-Paharanamu,page_0052,data/raw/telugu-ocr/2015.385293.Paarijaata-Paharanamu/page_0052.jpg,data/raw/telugu-ocr/2015.385293.Paarijaata-Paharanamu/page_0052.txt,411210,2195,1500,2284
2015.385293.Paarijaata-Paharanamu,page_0053,data/raw/telugu-ocr/2015.385293.Paarijaata-Paharanamu/page_0053.jpg,data/raw/telugu-ocr/2015.385293.Paarijaata-Paharanamu/page_0053.txt,495788,2560,1500,2284
2015.385293.Paarijaata-Paharanamu,page_0054,data/raw/telugu-ocr/2015.385293.Paarijaata-Paharanamu/page_0054.jpg,data/raw/telugu-ocr/2015.385293.Paarijaata-Paharanamu/page_0054.txt,518114,2979,1500,2284
2015.385293.Paarijaata-Paharanamu,page_0055,data/raw/telugu-ocr/2015.385293.Paarijaata-Paharanamu/page_0055.jpg,data/raw/telugu-ocr/2015.385293.Paarijaata-Paharanamu/page_0055.txt,395213,2170,1500,2284
2015.385293.Paarijaata-Paharanamu,page_0056,data/raw/telugu-ocr/2015.385293.Paarijaata-Paharanamu/page_0056.jpg,data/raw/telugu-ocr/2015.385293.Paarijaata-Paharanamu/page_0056.txt,549762,2867,1500,2284
2015.385293.Paarijaata-Paharanamu,page_0057,data/raw/telugu-ocr/2015.385293.Paarijaata-Paharanamu/page_0057.jpg,data/raw/telugu-ocr/2015.385293.Paarijaata-Paharanamu/page_0057.txt,567606,3104,1500,2284
2015.385293.Paarijaata-Paharanamu,page_0058,data/raw/telugu-ocr/2015.385293.Paarijaata-Paharanamu/page_0058.jpg,data/raw/telugu-ocr/2015.385293.Paarijaata-Paharanamu/page_0058.txt,601446,3100,1500,2284
2015.385293.Paarijaata-Paharanamu,page_0059,data/raw/telugu-ocr/2015.385293.Paarijaata-Paharanamu/page_0059.jpg,data/raw/telugu-ocr/2015.385293.Paarijaata-Paharanamu/page_0059.txt,535569,2953,1500,2284
2015.385293.Paarijaata-Paharanamu,page_0060,data/raw/telugu-ocr/2015.385293.Paarijaata-Paharanamu/page_0060.jpg,data/raw/telugu-ocr/2015.385293.Paarijaata-Paharanamu/page_0060.txt,455700,2547,1500,2284
2015.385293.Paarijaata-Paharanamu,page_0061,data/raw/telugu-ocr/2015.385293.Paarijaata-Paharanamu/page_0061.jpg,data/raw/telugu-ocr/2015.385293.Paarijaata-Paharanamu/page_0061.txt,444100,2402,1500,2284
2015.385293.Paarijaata-Paharanamu,page_0062,data/raw/telugu-ocr/2015.385293.Paarijaata-Paharanamu/page_0062.jpg,data/raw/telugu-ocr/2015.385293.Paarijaata-Paharanamu/page_0062.txt,513579,2873,1500,2284
2015.385293.Paarijaata-Paharanamu,page_0063,data/raw/telugu-ocr/2015.385293.Paarijaata-Paharanamu/page_0063.jpg,data/raw/telugu-ocr/2015.385293.Paarijaata-Paharanamu/page_0063.txt,452621,2531,1500,2284
2015.385293.Paarijaata-Paharanamu,page_0064,data/raw/telugu-ocr/2015.385293.Paarijaata-Paharanamu/page_0064.jpg,data/raw/telugu-ocr/2015.385293.Paarijaata-Paharanamu/page_0064.txt,456521,2704,1500,2284
2015.385293.Paarijaata-Paharanamu,page_0065,data/raw/telugu-ocr/2015.385293.Paarijaata-Paharanamu/page_0065.jpg,data/raw/telugu-ocr/2015.385293.Paarijaata-Paharanamu/page_0065.txt,438259,2289,1500,2284
2015.385293.Paarijaata-Paharanamu,page_0066,data/raw/telugu-ocr/2015.385293.Paarijaata-Paharanamu/page_0066.jpg,data/raw/telugu-ocr/2015.385293.Paarijaata-Paharanamu/page_0066.txt,462258,2523,1500,2284
2015.385293.Paarijaata-Paharanamu,page_0067,data/raw/telugu-ocr/2015.385293.Paarijaata-Paharanamu/page_0067.jpg,data/raw/telugu-ocr/2015.385293.Paarijaata-Paharanamu/page_0067.txt,574947,3226,1500,2284
2015.385293.Paarijaata-Paharanamu,page_0068,data/raw/telugu-ocr/2015.385293.Paarijaata-Paharanamu/page_0068.jpg,data/raw/telugu-ocr/2015.385293.Paarijaata-Paharanamu/page_0068.txt,546265,3046,1500,2284
2015.385293.Paarijaata-Paharanamu,page_0069,data/raw/telugu-ocr/2015.385293.Paarijaata-Paharanamu/page_0069.jpg,data/raw/telugu-ocr/2015.385293.Paarijaata-Paharanamu/page_0069.txt,408521,2010,1500,2284
2015.385293.Paarijaata-Paharanamu,page_0070,data/raw/telugu-ocr/2015.385293.Paarijaata-Paharanamu/page_0070.jpg,data/raw/telugu-ocr/2015.385293.Paarijaata-Paharanamu/page_0070.txt,510508,2952,1500,2284
2015.385293.Paarijaata-Paharanamu,page_0071,data/raw/telugu-ocr/2015.385293.Paarijaata-Paharanamu/page_0071.jpg,data/raw/telugu-ocr/2015.385293.Paarijaata-Paharanamu/page_0071.txt,404490,2096,1500,2284
2015.385293.Paarijaata-Paharanamu,page_0072,data/raw/telugu-ocr/2015.385293.Paarijaata-Paharanamu/page_0072.jpg,data/raw/telugu-ocr/2015.385293.Paarijaata-Paharanamu/page_0072.txt,155597,697,1500,2284
2015.385293.Paarijaata-Paharanamu,page_0073,data/raw/telugu-ocr/2015.385293.Paarijaata-Paharanamu/page_0073.jpg,data/raw/telugu-ocr/2015.385293.Paarijaata-Paharanamu/page_0073.txt,447676,2389,1500,2284
2015.385293.Paarijaata-Paharanamu,page_0090,data/raw/telugu-ocr/2015.385293.Paarijaata-Paharanamu/page_0090.jpg,data/raw/telugu-ocr/2015.385293.Paarijaata-Paharanamu/page_0090.txt,361890,1957,1500,2282
2015.385293.Paarijaata-Paharanamu,page_0091,data/raw/telugu-ocr/2015.385293.Paarijaata-Paharanamu/page_0091.jpg,data/raw/telugu-ocr/2015.385293.Paarijaata-Paharanamu/page_0091.txt,507187,2809,1500,2284
2015.385293.Paarijaata-Paharanamu,page_0093,data/raw/telugu-ocr/2015.385293.Paarijaata-Paharanamu/page_0093.jpg,data/raw/telugu-ocr/2015.385293.Paarijaata-Paharanamu/page_0093.txt,549141,2988,1500,2284
2015.385293.Paarijaata-Paharanamu,page_0094,data/raw/telugu-ocr/2015.385293.Paarijaata-Paharanamu/page_0094.jpg,data/raw/telugu-ocr/2015.385293.Paarijaata-Paharanamu/page_0094.txt,524556,2925,1500,2284
2015.385293.Paarijaata-Paharanamu,page_0096,data/raw/telugu-ocr/2015.385293.Paarijaata-Paharanamu/page_0096.jpg,data/raw/telugu-ocr/2015.385293.Paarijaata-Paharanamu/page_0096.txt,456994,2402,1500,2284
2015.385293.Paarijaata-Paharanamu,page_0097,data/raw/telugu-ocr/2015.385293.Paarijaata-Paharanamu/page_0097.jpg,data/raw/telugu-ocr/2015.385293.Paarijaata-Paharanamu/page_0097.txt,518174,2727,1500,2284
2015.385293.Paarijaata-Paharanamu,page_0098,data/raw/telugu-ocr/2015.385293.Paarijaata-Paharanamu/page_0098.jpg,data/raw/telugu-ocr/2015.385293.Paarijaata-Paharanamu/page_0098.txt,432178,2279,1500,2284
2015.385293.Paarijaata-Paharanamu,page_0099,data/raw/telugu-ocr/2015.385293.Paarijaata-Paharanamu/page_0099.jpg,data/raw/telugu-ocr/2015.385293.Paarijaata-Paharanamu/page_0099.txt,398115,2306,1500,2284
2015.385293.Paarijaata-Paharanamu,page_0100,data/raw/telugu-ocr/2015.385293.Paarijaata-Paharanamu/page_0100.jpg,data/raw/telugu-ocr/2015.385293.Paarijaata-Paharanamu/page_0100.txt,555265,3043,1500,2284
2015.385293.Paarijaata-Paharanamu,page_0101,data/raw/telugu-ocr/2015.385293.Paarijaata-Paharanamu/page_0101.jpg,data/raw/telugu-ocr/2015.385293.Paarijaata-Paharanamu/page_0101.txt,410195,2323,1500,2284
2015.385293.Paarijaata-Paharanamu,page_0102,data/raw/telugu-ocr/2015.385293.Paarijaata-Paharanamu/page_0102.jpg,data/raw/telugu-ocr/2015.385293.Paarijaata-Paharanamu/page_0102.txt,518241,2936,1500,2284
2015.385293.Paarijaata-Paharanamu,page_0103,data/raw/telugu-ocr/2015.385293.Paarijaata-Paharanamu/page_0103.jpg,data/raw/telugu-ocr/2015.385293.Paarijaata-Paharanamu/page_0103.txt,507632,2822,1500,2284
2015.385293.Paarijaata-Paharanamu,page_0105,data/raw/telugu-ocr/2015.385293.Paarijaata-Paharanamu/page_0105.jpg,data/raw/telugu-ocr/2015.385293.Paarijaata-Paharanamu/page_0105.txt,480141,2351,1500,2284
2015.385293.Paarijaata-Paharanamu,page_0106,data/raw/telugu-ocr/2015.385293.Paarijaata-Paharanamu/page_0106.jpg,data/raw/telugu-ocr/2015.385293.Paarijaata-Paharanamu/page_0106.txt,535380,2972,1500,2284
2015.385293.Paarijaata-Paharanamu,page_0107,data/raw/telugu-ocr/2015.385293.Paarijaata-Paharanamu/page_0107.jpg,data/raw/telugu-ocr/2015.385293.Paarijaata-Paharanamu/page_0107.txt,563562,2985,1500,2284
2015.385293.Paarijaata-Paharanamu,page_0108,data/raw/telugu-ocr/2015.385293.Paarijaata-Paharanamu/page_0108.jpg,data/raw/telugu-ocr/2015.385293.Paarijaata-Paharanamu/page_0108.txt,453956,2412,1500,2284
2015.385293.Paarijaata-Paharanamu,page_0109,data/raw/telugu-ocr/2015.385293.Paarijaata-Paharanamu/page_0109.jpg,data/raw/telugu-ocr/2015.385293.Paarijaata-Paharanamu/page_0109.txt,434173,2239,1500,2284
2015.385293.Paarijaata-Paharanamu,page_0110,data/raw/telugu-ocr/2015.385293.Paarijaata-Paharanamu/page_0110.jpg,data/raw/telugu-ocr/2015.385293.Paarijaata-Paharanamu/page_0110.txt,411759,2160,1500,2284
2015.385293.Paarijaata-Paharanamu,page_0111,data/raw/telugu-ocr/2015.385293.Paarijaata-Paharanamu/page_0111.jpg,data/raw/telugu-ocr/2015.385293.Paarijaata-Paharanamu/page_0111.txt,440259,2460,1500,2284
2015.385293.Paarijaata-Paharanamu,page_0112,data/raw/telugu-ocr/2015.385293.Paarijaata-Paharanamu/page_0112.jpg,data/raw/telugu-ocr/2015.385293.Paarijaata-Paharanamu/page_0112.txt,593912,3285,1500,2284
2015.385293.Paarijaata-Paharanamu,page_0114,data/raw/telugu-ocr/2015.385293.Paarijaata-Paharanamu/page_0114.jpg,data/raw/telugu-ocr/2015.385293.Paarijaata-Paharanamu/page_0114.txt,521998,2875,1500,2284
2015.385293.Paarijaata-Paharanamu,page_0115,data/raw/telugu-ocr/2015.385293.Paarijaata-Paharanamu/page_0115.jpg,data/raw/telugu-ocr/2015.385293.Paarijaata-Paharanamu/page_0115.txt,457122,2602,1500,2284
2015.385293.Paarijaata-Paharanamu,page_0116,data/raw/telugu-ocr/2015.385293.Paarijaata-Paharanamu/page_0116.jpg,data/raw/telugu-ocr/2015.385293.Paarijaata-Paharanamu/page_0116.txt,454422,2772,1500,2284
2015.385293.Paarijaata-Paharanamu,page_0117,data/raw/telugu-ocr/2015.385293.Paarijaata-Paharanamu/page_0117.jpg,data/raw/telugu-ocr/2015.385293.Paarijaata-Paharanamu/page_0117.txt,513415,3041,1500,2284
2015.385293.Paarijaata-Paharanamu,page_0118,data/raw/telugu-ocr/2015.385293.Paarijaata-Paharanamu/page_0118.jpg,data/raw/telugu-ocr/2015.385293.Paarijaata-Paharanamu/page_0118.txt,554221,3299,1500,2284
2015.385293.Paarijaata-Paharanamu,page_0120,data/raw/telugu-ocr/2015.385293.Paarijaata-Paharanamu/page_0120.jpg,data/raw/telugu-ocr/2015.385293.Paarijaata-Paharanamu/page_0120.txt,411807,2326,1500,2284
2015.385293.Paarijaata-Paharanamu,page_0121,data/raw/telugu-ocr/2015.385293.Paarijaata-Paharanamu/page_0121.jpg,data/raw/telugu-ocr/2015.385293.Paarijaata-Paharanamu/page_0121.txt,437105,2436,1500,2284
2015.385293.Paarijaata-Paharanamu,page_0122,data/raw/telugu-ocr/2015.385293.Paarijaata-Paharanamu/page_0122.jpg,data/raw/telugu-ocr/2015.385293.Paarijaata-Paharanamu/page_0122.txt,588424,3435,1500,2284
2015.385293.Paarijaata-Paharanamu,page_0125,data/raw/telugu-ocr/2015.385293.Paarijaata-Paharanamu/page_0125.jpg,data/raw/telugu-ocr/2015.385293.Paarijaata-Paharanamu/page_0125.txt,438402,2136,1500,2284
2015.385293.Paarijaata-Paharanamu,page_0126,data/raw/telugu-ocr/2015.385293.Paarijaata-Paharanamu/page_0126.jpg,data/raw/telugu-ocr/2015.385293.Paarijaata-Paharanamu/page_0126.txt,536400,2966,1500,2284
2015.385293.Paarijaata-Paharanamu,page_0127,data/raw/telugu-ocr/2015.385293.Paarijaata-Paharanamu/page_0127.jpg,data/raw/telugu-ocr/2015.385293.Paarijaata-Paharanamu/page_0127.txt,504612,2693,1500,2284
2015.385293.Paarijaata-Paharanamu,page_0128,data/raw/telugu-ocr/2015.385293.Paarijaata-Paharanamu/page_0128.jpg,data/raw/telugu-ocr/2015.385293.Paarijaata-Paharanamu/page_0128.txt,430039,2416,1500,2284
2015.385293.Paarijaata-Paharanamu,page_0129,data/raw/telugu-ocr/2015.385293.Paarijaata-Paharanamu/page_0129.jpg,data/raw/telugu-ocr/2015.385293.Paarijaata-Paharanamu/page_0129.txt,458537,2531,1500,2284
2015.385293.Paarijaata-Paharanamu,page_0130,data/raw/telugu-ocr/2015.385293.Paarijaata-Paharanamu/page_0130.jpg,data/raw/telugu-ocr/2015.385293.Paarijaata-Paharanamu/page_0130.txt,375458,1912,1500,2284
2015.385293.Paarijaata-Paharanamu,page_0131,data/raw/telugu-ocr/2015.385293.Paarijaata-Paharanamu/page_0131.jpg,data/raw/telugu-ocr/2015.385293.Paarijaata-Paharanamu/page_0131.txt,379735,1757,1500,2284
2015.385293.Paarijaata-Paharanamu,page_0132,data/raw/telugu-ocr/2015.385293.Paarijaata-Paharanamu/page_0132.jpg,data/raw/telugu-ocr/2015.385293.Paarijaata-Paharanamu/page_0132.txt,386606,1817,1500,2284
2015.385293.Paarijaata-Paharanamu,page_0133,data/raw/telugu-ocr/2015.385293.Paarijaata-Paharanamu/page_0133.jpg,data/raw/telugu-ocr/2015.385293.Paarijaata-Paharanamu/page_0133.txt,355942,1821,1500,2284
2015.385293.Paarijaata-Paharanamu,page_0134,data/raw/telugu-ocr/2015.385293.Paarijaata-Paharanamu/page_0134.jpg,data/raw/telugu-ocr/2015.385293.Paarijaata-Paharanamu/page_0134.txt,399895,2032,1500,2284
2015.385293.Paarijaata-Paharanamu,page_0135,data/raw/telugu-ocr/2015.385293.Paarijaata-Paharanamu/page_0135.jpg,data/raw/telugu-ocr/2015.385293.Paarijaata-Paharanamu/page_0135.txt,276946,974,1500,2284
2015.389095.Shabhuka-Vadha,page_0002,data/raw/telugu-ocr/2015.389095.Shabhuka-Vadha/page_0002.jpg,data/raw/telugu-ocr/2015.389095.Shabhuka-Vadha/page_0002.txt,428569,3665,1500,1965
2015.389095.Shabhuka-Vadha,page_0003,data/raw/telugu-ocr/2015.389095.Shabhuka-Vadha/page_0003.jpg,data/raw/telugu-ocr/2015.389095.Shabhuka-Vadha/page_0003.txt,475611,4258,1500,1955
2015.389095.Shabhuka-Vadha,page_0004,data/raw/telugu-ocr/2015.389095.Shabhuka-Vadha/page_0004.jpg,data/raw/telugu-ocr/2015.389095.Shabhuka-Vadha/page_0004.txt,524146,5235,1500,1996
2015.389095.Shabhuka-Vadha,page_0005,data/raw/telugu-ocr/2015.389095.Shabhuka-Vadha/page_0005.jpg,data/raw/telugu-ocr/2015.389095.Shabhuka-Vadha/page_0005.txt,489078,4760,1500,2000
2015.389095.Shabhuka-Vadha,page_0006,data/raw/telugu-ocr/2015.389095.Shabhuka-Vadha/page_0006.jpg,data/raw/telugu-ocr/2015.389095.Shabhuka-Vadha/page_0006.txt,508596,4924,1500,2049
2015.389095.Shabhuka-Vadha,page_0007,data/raw/telugu-ocr/2015.389095.Shabhuka-Vadha/page_0007.jpg,data/raw/telugu-ocr/2015.389095.Shabhuka-Vadha/page_0007.txt,510845,5192,1500,2014
2015.389095.Shabhuka-Vadha,page_0008,data/raw/telugu-ocr/2015.389095.Shabhuka-Vadha/page_0008.jpg,data/raw/telugu-ocr/2015.389095.Shabhuka-Vadha/page_0008.txt,493862,4675,1500,2087
2015.389095.Shabhuka-Vadha,page_0009,data/raw/telugu-ocr/2015.389095.Shabhuka-Vadha/page_0009.jpg,data/raw/telugu-ocr/2015.389095.Shabhuka-Vadha/page_0009.txt,508707,4959,1500,2042
2015.389095.Shabhuka-Vadha,page_0010,data/raw/telugu-ocr/2015.389095.Shabhuka-Vadha/page_0010.jpg,data/raw/telugu-ocr/2015.389095.Shabhuka-Vadha/page_0010.txt,521247,4796,1500,2063
2015.389095.Shabhuka-Vadha,page_0011,data/raw/telugu-ocr/2015.389095.Shabhuka-Vadha/page_0011.jpg,data/raw/telugu-ocr/2015.389095.Shabhuka-Vadha/page_0011.txt,546161,5073,1500,2035
2015.389095.Shabhuka-Vadha,page_0012,data/raw/telugu-ocr/2015.389095.Shabhuka-Vadha/page_0012.jpg,data/raw/telugu-ocr/2015.389095.Shabhuka-Vadha/page_0012.txt,541830,5081,1500,2066
2015.389095.Shabhuka-Vadha,page_0013,data/raw/telugu-ocr/2015.389095.Shabhuka-Vadha/page_0013.jpg,data/raw/telugu-ocr/2015.389095.Shabhuka-Vadha/page_0013.txt,546148,4966,1500,2102
2015.389095.Shabhuka-Vadha,page_0014,data/raw/telugu-ocr/2015.389095.Shabhuka-Vadha/page_0014.jpg,data/raw/telugu-ocr/2015.389095.Shabhuka-Vadha/page_0014.txt,528293,4984,1500,2056
2015.389095.Shabhuka-Vadha,page_0015,data/raw/telugu-ocr/2015.389095.Shabhuka-Vadha/page_0015.jpg,data/raw/telugu-ocr/2015.389095.Shabhuka-Vadha/page_0015.txt,522752,5503,1500,2028
2015.389095.Shabhuka-Vadha,page_0016,data/raw/telugu-ocr/2015.389095.Shabhuka-Vadha/page_0016.jpg,data/raw/telugu-ocr/2015.389095.Shabhuka-Vadha/page_0016.txt,490895,4697,1500,2077
2015.389095.Shabhuka-Vadha,page_0017,data/raw/telugu-ocr/2015.389095.Shabhuka-Vadha/page_0017.jpg,data/raw/telugu-ocr/2015.389095.Shabhuka-Vadha/page_0017.txt,509953,4879,1500,2032
2015.389095.Shabhuka-Vadha,page_0019,data/raw/telugu-ocr/2015.389095.Shabhuka-Vadha/page_0019.jpg,data/raw/telugu-ocr/2015.389095.Shabhuka-Vadha/page_0019.txt,521507,4641,1500,2070
2015.389095.Shabhuka-Vadha,page_0020,data/raw/telugu-ocr/2015.389095.Shabhuka-Vadha/page_0020.jpg,data/raw/telugu-ocr/2015.389095.Shabhuka-Vadha/page_0020.txt,515915,4739,1500,1994
2015.389095.Shabhuka-Vadha,page_0021,data/raw/telugu-ocr/2015.389095.Shabhuka-Vadha/page_0021.jpg,data/raw/telugu-ocr/2015.389095.Shabhuka-Vadha/page_0021.txt,508166,4512,1500,2081
2015.389095.Shabhuka-Vadha,page_0022,data/raw/telugu-ocr/2015.389095.Shabhuka-Vadha/page_0022.jpg,data/raw/telugu-ocr/2015.389095.Shabhuka-Vadha/page_0022.txt,531148,4773,1500,2042
2015.389095.Shabhuka-Vadha,page_0023,data/raw/telugu-ocr/2015.389095.Shabhuka-Vadha/page_0023.jpg,data/raw/telugu-ocr/2015.389095.Shabhuka-Vadha/page_0023.txt,521531,4848,1500,2066
2015.389095.Shabhuka-Vadha,page_0026,data/raw/telugu-ocr/2015.389095.Shabhuka-Vadha/page_0026.jpg,data/raw/telugu-ocr/2015.389095.Shabhuka-Vadha/page_0026.txt,593981,5432,1500,2066
2015.389095.Shabhuka-Vadha,page_0027,data/raw/telugu-ocr/2015.389095.Shabhuka-Vadha/page_0027.jpg,data/raw/telugu-ocr/2015.389095.Shabhuka-Vadha/page_0027.txt,616170,5938,1500,2049
2015.389095.Shabhuka-Vadha,page_0028,data/raw/telugu-ocr/2015.389095.Shabhuka-Vadha/page_0028.jpg,data/raw/telugu-ocr/2015.389095.Shabhuka-Vadha/page_0028.txt,339680,1885,1500,2038
2015.389095.Shabhuka-Vadha,page_0030,data/raw/telugu-ocr/2015.389095.Shabhuka-Vadha/page_0030.jpg,data/raw/telugu-ocr/2015.389095.Shabhuka-Vadha/page_0030.txt,378631,2450,1500,1996
2015.389095.Shabhuka-Vadha,page_0031,data/raw/telugu-ocr/2015.389095.Shabhuka-Vadha/page_0031.jpg,data/raw/telugu-ocr/2015.389095.Shabhuka-Vadha/page_0031.txt,406543,2645,1500,2085
2015.389095.Shabhuka-Vadha,page_0032,data/raw/telugu-ocr/2015.389095.Shabhuka-Vadha/page_0032.jpg,data/raw/telugu-ocr/2015.389095.Shabhuka-Vadha/page_0032.txt,380876,2287,1500,2045
2015.389095.Shabhuka-Vadha,page_0034,data/raw/telugu-ocr/2015.389095.Shabhuka-Vadha/page_0034.jpg,data/raw/telugu-ocr/2015.389095.Shabhuka-Vadha/page_0034.txt,398299,2716,1500,2026
2015.389095.Shabhuka-Vadha,page_0035,data/raw/telugu-ocr/2015.389095.Shabhuka-Vadha/page_0035.jpg,data/raw/telugu-ocr/2015.389095.Shabhuka-Vadha/page_0035.txt,374663,2559,1500,2045
2015.389095.Shabhuka-Vadha,page_0036,data/raw/telugu-ocr/2015.389095.Shabhuka-Vadha/page_0036.jpg,data/raw/telugu-ocr/2015.389095.Shabhuka-Vadha/page_0036.txt,401888,2663,1500,2038
2015.389095.Shabhuka-Vadha,page_0037,data/raw/telugu-ocr/2015.389095.Shabhuka-Vadha/page_0037.jpg,data/raw/telugu-ocr/2015.389095.Shabhuka-Vadha/page_0037.txt,392090,2628,1500,2011
2015.389095.Shabhuka-Vadha,page_0040,data/raw/telugu-ocr/2015.389095.Shabhuka-Vadha/page_0040.jpg,data/raw/telugu-ocr/2015.389095.Shabhuka-Vadha/page_0040.txt,453915,2847,1500,2028
2015.389095.Shabhuka-Vadha,page_0041,data/raw/telugu-ocr/2015.389095.Shabhuka-Vadha/page_0041.jpg,data/raw/telugu-ocr/2015.389095.Shabhuka-Vadha/page_0041.txt,453460,2964,1500,2069
2015.389095.Shabhuka-Vadha,page_0042,data/raw/telugu-ocr/2015.389095.Shabhuka-Vadha/page_0042.jpg,data/raw/telugu-ocr/2015.389095.Shabhuka-Vadha/page_0042.txt,374433,2590,1500,2052
2015.389095.Shabhuka-Vadha,page_0043,data/raw/telugu-ocr/2015.389095.Shabhuka-Vadha/page_0043.jpg,data/raw/telugu-ocr/2015.389095.Shabhuka-Vadha/page_0043.txt,252963,1556,1500,1815
2015.389095.Shabhuka-Vadha,page_0045,data/raw/telugu-ocr/2015.389095.Shabhuka-Vadha/page_0045.jpg,data/raw/telugu-ocr/2015.389095.Shabhuka-Vadha/page_0045.txt,409994,2805,1500,2013
2015.389095.Shabhuka-Vadha,page_0046,data/raw/telugu-ocr/2015.389095.Shabhuka-Vadha/page_0046.jpg,data/raw/telugu-ocr/2015.389095.Shabhuka-Vadha/page_0046.txt,399725,2620,1500,2069
2015.389095.Shabhuka-Vadha,page_0047,data/raw/telugu-ocr/2015.389095.Shabhuka-Vadha/page_0047.jpg,data/raw/telugu-ocr/2015.389095.Shabhuka-Vadha/page_0047.txt,400853,2783,1500,2008
2015.389095.Shabhuka-Vadha,page_0048,data/raw/telugu-ocr/2015.389095.Shabhuka-Vadha/page_0048.jpg,data/raw/telugu-ocr/2015.389095.Shabhuka-Vadha/page_0048.txt,227096,1389,1500,1870
2015.389095.Shabhuka-Vadha,page_0049,data/raw/telugu-ocr/2015.389095.Shabhuka-Vadha/page_0049.jpg,data/raw/telugu-ocr/2015.389095.Shabhuka-Vadha/page_0049.txt,437815,2604,1500,2056
2015.389095.Shabhuka-Vadha,page_0051,data/raw/telugu-ocr/2015.389095.Shabhuka-Vadha/page_0051.jpg,data/raw/telugu-ocr/2015.389095.Shabhuka-Vadha/page_0051.txt,452237,3125,1500,2049
2015.389095.Shabhuka-Vadha,page_0055,data/raw/telugu-ocr/2015.389095.Shabhuka-Vadha/page_0055.jpg,data/raw/telugu-ocr/2015.389095.Shabhuka-Vadha/page_0055.txt,405736,2686,1500,2049
2015.389095.Shabhuka-Vadha,page_0056,data/raw/telugu-ocr/2015.389095.Shabhuka-Vadha/page_0056.jpg,data/raw/telugu-ocr/2015.389095.Shabhuka-Vadha/page_0056.txt,418631,2806,1500,2056
2015.389095.Shabhuka-Vadha,page_0057,data/raw/telugu-ocr/2015.389095.Shabhuka-Vadha/page_0057.jpg,data/raw/telugu-ocr/2015.389095.Shabhuka-Vadha/page_0057.txt,381740,2488,1500,2059
2015.389095.Shabhuka-Vadha,page_0061,data/raw/telugu-ocr/2015.389095.Shabhuka-Vadha/page_0061.jpg,data/raw/telugu-ocr/2015.389095.Shabhuka-Vadha/page_0061.txt,391267,2733,1500,2077
2015.389095.Shabhuka-Vadha,page_0062,data/raw/telugu-ocr/2015.389095.Shabhuka-Vadha/page_0062.jpg,data/raw/telugu-ocr/2015.389095.Shabhuka-Vadha/page_0062.txt,417478,2862,1500,2035
2015.389095.Shabhuka-Vadha,page_0063,data/raw/telugu-ocr/2015.389095.Shabhuka-Vadha/page_0063.jpg,data/raw/telugu-ocr/2015.389095.Shabhuka-Vadha/page_0063.txt,411417,2756,1500,2049
2015.389095.Shabhuka-Vadha,page_0064,data/raw/telugu-ocr/2015.389095.Shabhuka-Vadha/page_0064.jpg,data/raw/telugu-ocr/2015.389095.Shabhuka-Vadha/page_0064.txt,436617,3031,1500,2017
2015.389095.Shabhuka-Vadha,page_0065,data/raw/telugu-ocr/2015.389095.Shabhuka-Vadha/page_0065.jpg,data/raw/telugu-ocr/2015.389095.Shabhuka-Vadha/page_0065.txt,361071,2422,1500,2014
2015.389095.Shabhuka-Vadha,page_0066,data/raw/telugu-ocr/2015.389095.Shabhuka-Vadha/page_0066.jpg,data/raw/telugu-ocr/2015.389095.Shabhuka-Vadha/page_0066.txt,203308,1103,1500,2001
2015.389095.Shabhuka-Vadha,page_0067,data/raw/telugu-ocr/2015.389095.Shabhuka-Vadha/page_0067.jpg,data/raw/telugu-ocr/2015.389095.Shabhuka-Vadha/page_0067.txt,259251,1364,1500,1961
2015.389095.Shabhuka-Vadha,page_0069,data/raw/telugu-ocr/2015.389095.Shabhuka-Vadha/page_0069.jpg,data/raw/telugu-ocr/2015.389095.Shabhuka-Vadha/page_0069.txt,337679,2409,1500,1989
2015.389095.Shabhuka-Vadha,page_0070,data/raw/telugu-ocr/2015.389095.Shabhuka-Vadha/page_0070.jpg,data/raw/telugu-ocr/2015.389095.Shabhuka-Vadha/page_0070.txt,419480,3151,1500,2024
2015.389095.Shabhuka-Vadha,page_0071,data/raw/telugu-ocr/2015.389095.Shabhuka-Vadha/page_0071.jpg,data/raw/telugu-ocr/2015.389095.Shabhuka-Vadha/page_0071.txt,460321,2802,1500,2063
2015.389095.Shabhuka-Vadha,page_0072,data/raw/telugu-ocr/2015.389095.Shabhuka-Vadha/page_0072.jpg,data/raw/telugu-ocr/2015.389095.Shabhuka-Vadha/page_0072.txt,444403,3027,1500,2035
2015.389095.Shabhuka-Vadha,page_0073,data/raw/telugu-ocr/2015.389095.Shabhuka-Vadha/page_0073.jpg,data/raw/telugu-ocr/2015.389095.Shabhuka-Vadha/page_0073.txt,439156,2921,1500,2080
2015.389095.Shabhuka-Vadha,page_0076,data/raw/telugu-ocr/2015.389095.Shabhuka-Vadha/page_0076.jpg,data/raw/telugu-ocr/2015.389095.Shabhuka-Vadha/page_0076.txt,458932,3133,1500,2028
2015.389095.Shabhuka-Vadha,page_0077,data/raw/telugu-ocr/2015.389095.Shabhuka-Vadha/page_0077.jpg,data/raw/telugu-ocr/2015.389095.Shabhuka-Vadha/page_0077.txt,424598,2895,1500,1989
2015.389095.Shabhuka-Vadha,page_0078,data/raw/telugu-ocr/2015.389095.Shabhuka-Vadha/page_0078.jpg,data/raw/telugu-ocr/2015.389095.Shabhuka-Vadha/page_0078.txt,398135,2808,1500,2025
2015.389095.Shabhuka-Vadha,page_0079,data/raw/telugu-ocr/2015.389095.Shabhuka-Vadha/page_0079.jpg,data/raw/telugu-ocr/2015.389095.Shabhuka-Vadha/page_0079.txt,254849,1354,1500,1955
2015.389095.Shabhuka-Vadha,page_0080,data/raw/telugu-ocr/2015.389095.Shabhuka-Vadha/page_0080.jpg,data/raw/telugu-ocr/2015.389095.Shabhuka-Vadha/page_0080.txt,255148,1332,1500,2032
2015.389095.Shabhuka-Vadha,page_0082,data/raw/telugu-ocr/2015.389095.Shabhuka-Vadha/page_0082.jpg,data/raw/telugu-ocr/2015.389095.Shabhuka-Vadha/page_0082.txt,439701,2977,1500,2025
2015.389095.Shabhuka-Vadha,page_0083,data/raw/telugu-ocr/2015.389095.Shabhuka-Vadha/page_0083.jpg,data/raw/telugu-ocr/2015.389095.Shabhuka-Vadha/page_0083.txt,401356,2761,1500,2045
2015.389095.Shabhuka-Vadha,page_0085,data/raw/telugu-ocr/2015.389095.Shabhuka-Vadha/page_0085.jpg,data/raw/telugu-ocr/2015.389095.Shabhuka-Vadha/page_0085.txt,363268,2419,1500,2049
2015.389095.Shabhuka-Vadha,page_0086,data/raw/telugu-ocr/2015.389095.Shabhuka-Vadha/page_0086.jpg,data/raw/telugu-ocr/2015.389095.Shabhuka-Vadha/page_0086.txt,409515,3080,1500,1994
2015.389095.Shabhuka-Vadha,page_0088,data/raw/telugu-ocr/2015.389095.Shabhuka-Vadha/page_0088.jpg,data/raw/telugu-ocr/2015.389095.Shabhuka-Vadha/page_0088.txt,406662,2971,1500,1968
2015.389095.Shabhuka-Vadha,page_0089,data/raw/telugu-ocr/2015.389095.Shabhuka-Vadha/page_0089.jpg,data/raw/telugu-ocr/2015.389095.Shabhuka-Vadha/page_0089.txt,418226,3299,1500,2022
2015.389095.Shabhuka-Vadha,page_0092,data/raw/telugu-ocr/2015.389095.Shabhuka-Vadha/page_0092.jpg,data/raw/telugu-ocr/2015.389095.Shabhuka-Vadha/page_0092.txt,405053,2703,1500,2052
2015.389095.Shabhuka-Vadha,page_0093,data/raw/telugu-ocr/2015.389095.Shabhuka-Vadha/page_0093.jpg,data/raw/telugu-ocr/2015.389095.Shabhuka-Vadha/page_0093.txt,440311,3056,1500,2028
2015.389095.Shabhuka-Vadha,page_0094,data/raw/telugu-ocr/2015.389095.Shabhuka-Vadha/page_0094.jpg,data/raw/telugu-ocr/2015.389095.Shabhuka-Vadha/page_0094.txt,384138,2725,1500,1998
2015.389095.Shabhuka-Vadha,page_0096,data/raw/telugu-ocr/2015.389095.Shabhuka-Vadha/page_0096.jpg,data/raw/telugu-ocr/2015.389095.Shabhuka-Vadha/page_0096.txt,420145,3037,1500,2041
2015.389095.Shabhuka-Vadha,page_0097,data/raw/telugu-ocr/2015.389095.Shabhuka-Vadha/page_0097.jpg,data/raw/telugu-ocr/2015.389095.Shabhuka-Vadha/page_0097.txt,397480,2789,1500,2038
2015.389095.Shabhuka-Vadha,page_0098,data/raw/telugu-ocr/2015.389095.Shabhuka-Vadha/page_0098.jpg,data/raw/telugu-ocr/2015.389095.Shabhuka-Vadha/page_0098.txt,318100,2025,1500,2028
2015.389095.Shabhuka-Vadha,page_0099,data/raw/telugu-ocr/2015.389095.Shabhuka-Vadha/page_0099.jpg,data/raw/telugu-ocr/2015.389095.Shabhuka-Vadha/page_0099.txt,302912,1662,1500,2042
2015.389095.Shabhuka-Vadha,page_0100,data/raw/telugu-ocr/2015.389095.Shabhuka-Vadha/page_0100.jpg,data/raw/telugu-ocr/2015.389095.Shabhuka-Vadha/page_0100.txt,414675,941,1500,1855
2030020025431_-_chitra_leikhanamu,page_0020,data/raw/telugu-ocr/2030020025431_-_chitra_leikhanamu/page_0020.jpg,data/raw/telugu-ocr/2030020025431_-_chitra_leikhanamu/page_0020.txt,478431,1093,1500,2121
2030020025431_-_chitra_leikhanamu,page_0022,data/raw/telugu-ocr/2030020025431_-_chitra_leikhanamu/page_0022.jpg,data/raw/telugu-ocr/2030020025431_-_chitra_leikhanamu/page_0022.txt,401513,3091,1500,2121
2030020025431_-_chitra_leikhanamu,page_0024,data/raw/telugu-ocr/2030020025431_-_chitra_leikhanamu/page_0024.jpg,data/raw/telugu-ocr/2030020025431_-_chitra_leikhanamu/page_0024.txt,320735,2813,1500,2121
2030020025431_-_chitra_leikhanamu,page_0025,data/raw/telugu-ocr/2030020025431_-_chitra_leikhanamu/page_0025.jpg,data/raw/telugu-ocr/2030020025431_-_chitra_leikhanamu/page_0025.txt,302496,2257,1500,2121
2030020025431_-_chitra_leikhanamu,page_0026,data/raw/telugu-ocr/2030020025431_-_chitra_leikhanamu/page_0026.jpg,data/raw/telugu-ocr/2030020025431_-_chitra_leikhanamu/page_0026.txt,275029,1970,1500,2121
2030020025431_-_chitra_leikhanamu,page_0028,data/raw/telugu-ocr/2030020025431_-_chitra_leikhanamu/page_0028.jpg,data/raw/telugu-ocr/2030020025431_-_chitra_leikhanamu/page_0028.txt,442774,4176,1500,2121
2030020025431_-_chitra_leikhanamu,page_0029,data/raw/telugu-ocr/2030020025431_-_chitra_leikhanamu/page_0029.jpg,data/raw/telugu-ocr/2030020025431_-_chitra_leikhanamu/page_0029.txt,322843,2896,1500,2121
2030020025431_-_chitra_leikhanamu,page_0030,data/raw/telugu-ocr/2030020025431_-_chitra_leikhanamu/page_0030.jpg,data/raw/telugu-ocr/2030020025431_-_chitra_leikhanamu/page_0030.txt,465391,6089,1500,2121
2030020025431_-_chitra_leikhanamu,page_0031,data/raw/telugu-ocr/2030020025431_-_chitra_leikhanamu/page_0031.jpg,data/raw/telugu-ocr/2030020025431_-_chitra_leikhanamu/page_0031.txt,475322,3269,1500,2121
2030020025431_-_chitra_leikhanamu,page_0032,data/raw/telugu-ocr/2030020025431_-_chitra_leikhanamu/page_0032.jpg,data/raw/telugu-ocr/2030020025431_-_chitra_leikhanamu/page_0032.txt,581352,4046,1500,2121
2030020025431_-_chitra_leikhanamu,page_0034,data/raw/telugu-ocr/2030020025431_-_chitra_leikhanamu/page_0034.jpg,data/raw/telugu-ocr/2030020025431_-_chitra_leikhanamu/page_0034.txt,495188,6762,1500,2121
2030020025431_-_chitra_leikhanamu,page_0035,data/raw/telugu-ocr/2030020025431_-_chitra_leikhanamu/page_0035.jpg,data/raw/telugu-ocr/2030020025431_-_chitra_leikhanamu/page_0035.txt,570101,7729,1500,2121
2030020025431_-_chitra_leikhanamu,page_0037,data/raw/telugu-ocr/2030020025431_-_chitra_leikhanamu/page_0037.jpg,data/raw/telugu-ocr/2030020025431_-_chitra_leikhanamu/page_0037.txt,563592,7873,1500,2121
2030020025431_-_chitra_leikhanamu,page_0039,data/raw/telugu-ocr/2030020025431_-_chitra_leikhanamu/page_0039.jpg,data/raw/telugu-ocr/2030020025431_-_chitra_leikhanamu/page_0039.txt,533988,7103,1500,2121
2030020025431_-_chitra_leikhanamu,page_0040,data/raw/telugu-ocr/2030020025431_-_chitra_leikhanamu/page_0040.jpg,data/raw/telugu-ocr/2030020025431_-_chitra_leikhanamu/page_0040.txt,588027,7689,1500,2121
2030020025431_-_chitra_leikhanamu,page_0041,data/raw/telugu-ocr/2030020025431_-_chitra_leikhanamu/page_0041.jpg,data/raw/telugu-ocr/2030020025431_-_chitra_leikhanamu/page_0041.txt,535435,7150,1500,2121
2030020025431_-_chitra_leikhanamu,page_0042,data/raw/telugu-ocr/2030020025431_-_chitra_leikhanamu/page_0042.jpg,data/raw/telugu-ocr/2030020025431_-_chitra_leikhanamu/page_0042.txt,490301,7284,1500,2121
2030020025431_-_chitra_leikhanamu,page_0043,data/raw/telugu-ocr/2030020025431_-_chitra_leikhanamu/page_0043.jpg,data/raw/telugu-ocr/2030020025431_-_chitra_leikhanamu/page_0043.txt,500699,3848,1500,2121
2030020025431_-_chitra_leikhanamu,page_0044,data/raw/telugu-ocr/2030020025431_-_chitra_leikhanamu/page_0044.jpg,data/raw/telugu-ocr/2030020025431_-_chitra_leikhanamu/page_0044.txt,571324,7474,1500,2121
2030020025431_-_chitra_leikhanamu,page_0045,data/raw/telugu-ocr/2030020025431_-_chitra_leikhanamu/page_0045.jpg,data/raw/telugu-ocr/2030020025431_-_chitra_leikhanamu/page_0045.txt,472415,6107,1500,2121
2030020025431_-_chitra_leikhanamu,page_0046,data/raw/telugu-ocr/2030020025431_-_chitra_leikhanamu/page_0046.jpg,data/raw/telugu-ocr/2030020025431_-_chitra_leikhanamu/page_0046.txt,442085,5304,1500,2121
2030020025431_-_chitra_leikhanamu,page_0048,data/raw/telugu-ocr/2030020025431_-_chitra_leikhanamu/page_0048.jpg,data/raw/telugu-ocr/2030020025431_-_chitra_leikhanamu/page_0048.txt,520975,7481,1500,2121
2030020025431_-_chitra_leikhanamu,page_0049,data/raw/telugu-ocr/2030020025431_-_chitra_leikhanamu/page_0049.jpg,data/raw/telugu-ocr/2030020025431_-_chitra_leikhanamu/page_0049.txt,499456,6750,1500,2121
2030020025431_-_chitra_leikhanamu,page_0050,data/raw/telugu-ocr/2030020025431_-_chitra_leikhanamu/page_0050.jpg,data/raw/telugu-ocr/2030020025431_-_chitra_leikhanamu/page_0050.txt,364926,2274,1500,2121
2030020025431_-_chitra_leikhanamu,page_0051,data/raw/telugu-ocr/2030020025431_-_chitra_leikhanamu/page_0051.jpg,data/raw/telugu-ocr/2030020025431_-_chitra_leikhanamu/page_0051.txt,521855,7032,1500,2121
2030020025431_-_chitra_leikhanamu,page_0052,data/raw/telugu-ocr/2030020025431_-_chitra_leikhanamu/page_0052.jpg,data/raw/telugu-ocr/2030020025431_-_chitra_leikhanamu/page_0052.txt,484712,6656,1500,2121
2030020025431_-_chitra_leikhanamu,page_0054,data/raw/telugu-ocr/2030020025431_-_chitra_leikhanamu/page_0054.jpg,data/raw/telugu-ocr/2030020025431_-_chitra_leikhanamu/page_0054.txt,557587,7759,1500,2121
2030020025431_-_chitra_leikhanamu,page_0055,data/raw/telugu-ocr/2030020025431_-_chitra_leikhanamu/page_0055.jpg,data/raw/telugu-ocr/2030020025431_-_chitra_leikhanamu/page_0055.txt,559987,7473,1500,2121
2030020025431_-_chitra_leikhanamu,page_0056,data/raw/telugu-ocr/2030020025431_-_chitra_leikhanamu/page_0056.jpg,data/raw/telugu-ocr/2030020025431_-_chitra_leikhanamu/page_0056.txt,561450,7765,1500,2121
2030020025431_-_chitra_leikhanamu,page_0057,data/raw/telugu-ocr/2030020025431_-_chitra_leikhanamu/page_0057.jpg,data/raw/telugu-ocr/2030020025431_-_chitra_leikhanamu/page_0057.txt,501970,7034,1500,2121
2030020025431_-_chitra_leikhanamu,page_0058,data/raw/telugu-ocr/2030020025431_-_chitra_leikhanamu/page_0058.jpg,data/raw/telugu-ocr/2030020025431_-_chitra_leikhanamu/page_0058.txt,487708,5909,1500,2121
2030020025431_-_chitra_leikhanamu,page_0059,data/raw/telugu-ocr/2030020025431_-_chitra_leikhanamu/page_0059.jpg,data/raw/telugu-ocr/2030020025431_-_chitra_leikhanamu/page_0059.txt,547981,7022,1500,2121
2030020025431_-_chitra_leikhanamu,page_0060,data/raw/telugu-ocr/2030020025431_-_chitra_leikhanamu/page_0060.jpg,data/raw/telugu-ocr/2030020025431_-_chitra_leikhanamu/page_0060.txt,501250,6297,1500,2121
2030020025431_-_chitra_leikhanamu,page_0062,data/raw/telugu-ocr/2030020025431_-_chitra_leikhanamu/page_0062.jpg,data/raw/telugu-ocr/2030020025431_-_chitra_leikhanamu/page_0062.txt,596246,7798,1500,2121
2030020025431_-_chitra_leikhanamu,page_0063,data/raw/telugu-ocr/2030020025431_-_chitra_leikhanamu/page_0063.jpg,data/raw/telugu-ocr/2030020025431_-_chitra_leikhanamu/page_0063.txt,492792,5621,1500,2121
2030020025431_-_chitra_leikhanamu,page_0064,data/raw/telugu-ocr/2030020025431_-_chitra_leikhanamu/page_0064.jpg,data/raw/telugu-ocr/2030020025431_-_chitra_leikhanamu/page_0064.txt,515129,6553,1500,2121
2030020025431_-_chitra_leikhanamu,page_0065,data/raw/telugu-ocr/2030020025431_-_chitra_leikhanamu/page_0065.jpg,data/raw/telugu-ocr/2030020025431_-_chitra_leikhanamu/page_0065.txt,309628,3324,1500,2121
Kalidasa-Charitra_by_chilakamarthi_lakshminarasimham,page_0001,data/raw/telugu-ocr/Kalidasa-Charitra_by_chilakamarthi_lakshminarasimham/page_0001.jpg,data/raw/telugu-ocr/Kalidasa-Charitra_by_chilakamarthi_lakshminarasimham/page_0001.txt,98413,303,1500,2261
Kalidasa-Charitra_by_chilakamarthi_lakshminarasimham,page_0002,data/raw/telugu-ocr/Kalidasa-Charitra_by_chilakamarthi_lakshminarasimham/page_0002.jpg,data/raw/telugu-ocr/Kalidasa-Charitra_by_chilakamarthi_lakshminarasimham/page_0002.txt,477354,2481,1500,2261
Kalidasa-Charitra_by_chilakamarthi_lakshminarasimham,page_0003,data/raw/telugu-ocr/Kalidasa-Charitra_by_chilakamarthi_lakshminarasimham/page_0003.jpg,data/raw/telugu-ocr/Kalidasa-Charitra_by_chilakamarthi_lakshminarasimham/page_0003.txt,622519,3860,1500,2261
Kalidasa-Charitra_by_chilakamarthi_lakshminarasimham,page_0004,data/raw/telugu-ocr/Kalidasa-Charitra_by_chilakamarthi_lakshminarasimham/page_0004.jpg,data/raw/telugu-ocr/Kalidasa-Charitra_by_chilakamarthi_lakshminarasimham/page_0004.txt,614863,3810,1500,2261
Kalidasa-Charitra_by_chilakamarthi_lakshminarasimham,page_0005,data/raw/telugu-ocr/Kalidasa-Charitra_by_chilakamarthi_lakshminarasimham/page_0005.jpg,data/raw/telugu-ocr/Kalidasa-Charitra_by_chilakamarthi_lakshminarasimham/page_0005.txt,545925,3073,1500,2261
Kalidasa-Charitra_by_chilakamarthi_lakshminarasimham,page_0007,data/raw/telugu-ocr/Kalidasa-Charitra_by_chilakamarthi_lakshminarasimham/page_0007.jpg,data/raw/telugu-ocr/Kalidasa-Charitra_by_chilakamarthi_lakshminarasimham/page_0007.txt,265364,1181,1500,2261
Kalidasa-Charitra_by_chilakamarthi_lakshminarasimham,page_0008,data/raw/telugu-ocr/Kalidasa-Charitra_by_chilakamarthi_lakshminarasimham/page_0008.jpg,data/raw/telugu-ocr/Kalidasa-Charitra_by_chilakamarthi_lakshminarasimham/page_0008.txt,174047,623,1500,2261
Kalidasa-Charitra_by_chilakamarthi_lakshminarasimham,page_0010,data/raw/telugu-ocr/Kalidasa-Charitra_by_chilakamarthi_lakshminarasimham/page_0010.jpg,data/raw/telugu-ocr/Kalidasa-Charitra_by_chilakamarthi_lakshminarasimham/page_0010.txt,400945,1842,1500,2261
Kalidasa-Charitra_by_chilakamarthi_lakshminarasimham,page_0011,data/raw/telugu-ocr/Kalidasa-Charitra_by_chilakamarthi_lakshminarasimham/page_0011.jpg,data/raw/telugu-ocr/Kalidasa-Charitra_by_chilakamarthi_lakshminarasimham/page_0011.txt,554096,3341,1500,2261
Kalidasa-Charitra_by_chilakamarthi_lakshminarasimham,page_0012,data/raw/telugu-ocr/Kalidasa-Charitra_by_chilakamarthi_lakshminarasimham/page_0012.jpg,data/raw/telugu-ocr/Kalidasa-Charitra_by_chilakamarthi_lakshminarasimham/page_0012.txt,551701,3478,1500,2261
Kalidasa-Charitra_by_chilakamarthi_lakshminarasimham,page_0013,data/raw/telugu-ocr/Kalidasa-Charitra_by_chilakamarthi_lakshminarasimham/page_0013.jpg,data/raw/telugu-ocr/Kalidasa-Charitra_by_chilakamarthi_lakshminarasimham/page_0013.txt,454140,2627,1500,2261
Kalidasa-Charitra_by_chilakamarthi_lakshminarasimham,page_0014,data/raw/telugu-ocr/Kalidasa-Charitra_by_chilakamarthi_lakshminarasimham/page_0014.jpg,data/raw/telugu-ocr/Kalidasa-Charitra_by_chilakamarthi_lakshminarasimham/page_0014.txt,518819,3293,1500,2261
Kalidasa-Charitra_by_chilakamarthi_lakshminarasimham,page_0015,data/raw/telugu-ocr/Kalidasa-Charitra_by_chilakamarthi_lakshminarasimham/page_0015.jpg,data/raw/telugu-ocr/Kalidasa-Charitra_by_chilakamarthi_lakshminarasimham/page_0015.txt,516403,2756,1500,2261
Kalidasa-Charitra_by_chilakamarthi_lakshminarasimham,page_0016,data/raw/telugu-ocr/Kalidasa-Charitra_by_chilakamarthi_lakshminarasimham/page_0016.jpg,data/raw/telugu-ocr/Kalidasa-Charitra_by_chilakamarthi_lakshminarasimham/page_0016.txt,471002,2637,1500,2261
Kalidasa-Charitra_by_chilakamarthi_lakshminarasimham,page_0017,data/raw/telugu-ocr/Kalidasa-Charitra_by_chilakamarthi_lakshminarasimham/page_0017.jpg,data/raw/telugu-ocr/Kalidasa-Charitra_by_chilakamarthi_lakshminarasimham/page_0017.txt,549359,3237,1500,2261
Kalidasa-Charitra_by_chilakamarthi_lakshminarasimham,page_0018,data/raw/telugu-ocr/Kalidasa-Charitra_by_chilakamarthi_lakshminarasimham/page_0018.jpg,data/raw/telugu-ocr/Kalidasa-Charitra_by_chilakamarthi_lakshminarasimham/page_0018.txt,530949,3016,1500,2261
Kalidasa-Charitra_by_chilakamarthi_lakshminarasimham,page_0019,data/raw/telugu-ocr/Kalidasa-Charitra_by_chilakamarthi_lakshminarasimham/page_0019.jpg,data/raw/telugu-ocr/Kalidasa-Charitra_by_chilakamarthi_lakshminarasimham/page_0019.txt,483929,2915,1500,2261
Kalidasa-Charitra_by_chilakamarthi_lakshminarasimham,page_0021,data/raw/telugu-ocr/Kalidasa-Charitra_by_chilakamarthi_lakshminarasimham/page_0021.jpg,data/raw/telugu-ocr/Kalidasa-Charitra_by_chilakamarthi_lakshminarasimham/page_0021.txt,571178,3411,1500,2261
Kalidasa-Charitra_by_chilakamarthi_lakshminarasimham,page_0022,data/raw/telugu-ocr/Kalidasa-Charitra_by_chilakamarthi_lakshminarasimham/page_0022.jpg,data/raw/telugu-ocr/Kalidasa-Charitra_by_chilakamarthi_lakshminarasimham/page_0022.txt,544738,3333,1500,2261
Kalidasa-Charitra_by_chilakamarthi_lakshminarasimham,page_0023,data/raw/telugu-ocr/Kalidasa-Charitra_by_chilakamarthi_lakshminarasimham/page_0023.jpg,data/raw/telugu-ocr/Kalidasa-Charitra_by_chilakamarthi_lakshminarasimham/page_0023.txt,487855,2905,1500,2261
Kalidasa-Charitra_by_chilakamarthi_lakshminarasimham,page_0024,data/raw/telugu-ocr/Kalidasa-Charitra_by_chilakamarthi_lakshminarasimham/page_0024.jpg,data/raw/telugu-ocr/Kalidasa-Charitra_by_chilakamarthi_lakshminarasimham/page_0024.txt,579577,3352,1500,2261
Kalidasa-Charitra_by_chilakamarthi_lakshminarasimham,page_0025,data/raw/telugu-ocr/Kalidasa-Charitra_by_chilakamarthi_lakshminarasimham/page_0025.jpg,data/raw/telugu-ocr/Kalidasa-Charitra_by_chilakamarthi_lakshminarasimham/page_0025.txt,524254,3215,1500,2261
Kalidasa-Charitra_by_chilakamarthi_lakshminarasimham,page_0030,data/raw/telugu-ocr/Kalidasa-Charitra_by_chilakamarthi_lakshminarasimham/page_0030.jpg,data/raw/telugu-ocr/Kalidasa-Charitra_by_chilakamarthi_lakshminarasimham/page_0030.txt,571052,3509,1500,2261
Kalidasa-Charitra_by_chilakamarthi_lakshminarasimham,page_0031,data/raw/telugu-ocr/Kalidasa-Charitra_by_chilakamarthi_lakshminarasimham/page_0031.jpg,data/raw/telugu-ocr/Kalidasa-Charitra_by_chilakamarthi_lakshminarasimham/page_0031.txt,591420,3507,1500,2261
Kalidasa-Charitra_by_chilakamarthi_lakshminarasimham,page_0032,data/raw/telugu-ocr/Kalidasa-Charitra_by_chilakamarthi_lakshminarasimham/page_0032.jpg,data/raw/telugu-ocr/Kalidasa-Charitra_by_chilakamarthi_lakshminarasimham/page_0032.txt,472150,2817,1500,2261
Kalidasa-Charitra_by_chilakamarthi_lakshminarasimham,page_0033,data/raw/telugu-ocr/Kalidasa-Charitra_by_chilakamarthi_lakshminarasimham/page_0033.jpg,data/raw/telugu-ocr/Kalidasa-Charitra_by_chilakamarthi_lakshminarasimham/page_0033.txt,593076,3648,1500,2261
Kalidasa-Charitra_by_chilakamarthi_lakshminarasimham,page_0034,data/raw/telugu-ocr/Kalidasa-Charitra_by_chilakamarthi_lakshminarasimham/page_0034.jpg,data/raw/telugu-ocr/Kalidasa-Charitra_by_chilakamarthi_lakshminarasimham/page_0034.txt,420976,2382,1500,2261
Kalidasa-Charitra_by_chilakamarthi_lakshminarasimham,page_0035,data/raw/telugu-ocr/Kalidasa-Charitra_by_chilakamarthi_lakshminarasimham/page_0035.jpg,data/raw/telugu-ocr/Kalidasa-Charitra_by_chilakamarthi_lakshminarasimham/page_0035.txt,535311,3562,1500,2261
Kalidasa-Charitra_by_chilakamarthi_lakshminarasimham,page_0036,data/raw/telugu-ocr/Kalidasa-Charitra_by_chilakamarthi_lakshminarasimham/page_0036.jpg,data/raw/telugu-ocr/Kalidasa-Charitra_by_chilakamarthi_lakshminarasimham/page_0036.txt,622673,4035,1500,2261
Kalidasa-Charitra_by_chilakamarthi_lakshminarasimham,page_0037,data/raw/telugu-ocr/Kalidasa-Charitra_by_chilakamarthi_lakshminarasimham/page_0037.jpg,data/raw/telugu-ocr/Kalidasa-Charitra_by_chilakamarthi_lakshminarasimham/page_0037.txt,609061,3789,1500,2261
Kalidasa-Charitra_by_chilakamarthi_lakshminarasimham,page_0039,data/raw/telugu-ocr/Kalidasa-Charitra_by_chilakamarthi_lakshminarasimham/page_0039.jpg,data/raw/telugu-ocr/Kalidasa-Charitra_by_chilakamarthi_lakshminarasimham/page_0039.txt,557540,3293,1500,2261
Kalidasa-Charitra_by_chilakamarthi_lakshminarasimham,page_0041,data/raw/telugu-ocr/Kalidasa-Charitra_by_chilakamarthi_lakshminarasimham/page_0041.jpg,data/raw/telugu-ocr/Kalidasa-Charitra_by_chilakamarthi_lakshminarasimham/page_0041.txt,586599,3547,1500,2261
Kalidasa-Charitra_by_chilakamarthi_lakshminarasimham,page_0043,data/raw/telugu-ocr/Kalidasa-Charitra_by_chilakamarthi_lakshminarasimham/page_0043.jpg,data/raw/telugu-ocr/Kalidasa-Charitra_by_chilakamarthi_lakshminarasimham/page_0043.txt,586446,3771,1500,2261
Kalidasa-Charitra_by_chilakamarthi_lakshminarasimham,page_0045,data/raw/telugu-ocr/Kalidasa-Charitra_by_chilakamarthi_lakshminarasimham/page_0045.jpg,data/raw/telugu-ocr/Kalidasa-Charitra_by_chilakamarthi_lakshminarasimham/page_0045.txt,562133,3215,1500,2261
Kalidasa-Charitra_by_chilakamarthi_lakshminarasimham,page_0046,data/raw/telugu-ocr/Kalidasa-Charitra_by_chilakamarthi_lakshminarasimham/page_0046.jpg,data/raw/telugu-ocr/Kalidasa-Charitra_by_chilakamarthi_lakshminarasimham/page_0046.txt,505455,2790,1500,2261
Kalidasa-Charitra_by_chilakamarthi_lakshminarasimham,page_0047,data/raw/telugu-ocr/Kalidasa-Charitra_by_chilakamarthi_lakshminarasimham/page_0047.jpg,data/raw/telugu-ocr/Kalidasa-Charitra_by_chilakamarthi_lakshminarasimham/page_0047.txt,554380,2798,1500,2261
Kalidasa-Charitra_by_chilakamarthi_lakshminarasimham,page_0048,data/raw/telugu-ocr/Kalidasa-Charitra_by_chilakamarthi_lakshminarasimham/page_0048.jpg,data/raw/telugu-ocr/Kalidasa-Charitra_by_chilakamarthi_lakshminarasimham/page_0048.txt,614565,3718,1500,2261
Kalidasa-Charitra_by_chilakamarthi_lakshminarasimham,page_0049,data/raw/telugu-ocr/Kalidasa-Charitra_by_chilakamarthi_lakshminarasimham/page_0049.jpg,data/raw/telugu-ocr/Kalidasa-Charitra_by_chilakamarthi_lakshminarasimham/page_0049.txt,614198,3782,1500,2261
Kalidasa-Charitra_by_chilakamarthi_lakshminarasimham,page_0051,data/raw/telugu-ocr/Kalidasa-Charitra_by_chilakamarthi_lakshminarasimham/page_0051.jpg,data/raw/telugu-ocr/Kalidasa-Charitra_by_chilakamarthi_lakshminarasimham/page_0051.txt,588402,3671,1500,2261
Kalidasa-Charitra_by_chilakamarthi_lakshminarasimham,page_0053,data/raw/telugu-ocr/Kalidasa-Charitra_by_chilakamarthi_lakshminarasimham/page_0053.jpg,data/raw/telugu-ocr/Kalidasa-Charitra_by_chilakamarthi_lakshminarasimham/page_0053.txt,499281,3198,1500,2261
Kalidasa-Charitra_by_chilakamarthi_lakshminarasimham,page_0055,data/raw/telugu-ocr/Kalidasa-Charitra_by_chilakamarthi_lakshminarasimham/page_0055.jpg,data/raw/telugu-ocr/Kalidasa-Charitra_by_chilakamarthi_lakshminarasimham/page_0055.txt,557169,3461,1500,2261
Kalidasa-Charitra_by_chilakamarthi_lakshminarasimham,page_0056,data/raw/telugu-ocr/Kalidasa-Charitra_by_chilakamarthi_lakshminarasimham/page_0056.jpg,data/raw/telugu-ocr/Kalidasa-Charitra_by_chilakamarthi_lakshminarasimham/page_0056.txt,567562,3559,1500,2261
Kalidasa-Charitra_by_chilakamarthi_lakshminarasimham,page_0057,data/raw/telugu-ocr/Kalidasa-Charitra_by_chilakamarthi_lakshminarasimham/page_0057.jpg,data/raw/telugu-ocr/Kalidasa-Charitra_by_chilakamarthi_lakshminarasimham/page_0057.txt,580089,3636,1500,2261
Kalidasa-Charitra_by_chilakamarthi_lakshminarasimham,page_0058,data/raw/telugu-ocr/Kalidasa-Charitra_by_chilakamarthi_lakshminarasimham/page_0058.jpg,data/raw/telugu-ocr/Kalidasa-Charitra_by_chilakamarthi_lakshminarasimham/page_0058.txt,574609,3484,1500,2261
Kalidasa-Charitra_by_chilakamarthi_lakshminarasimham,page_0059,data/raw/telugu-ocr/Kalidasa-Charitra_by_chilakamarthi_lakshminarasimham/page_0059.jpg,data/raw/telugu-ocr/Kalidasa-Charitra_by_chilakamarthi_lakshminarasimham/page_0059.txt,558254,3632,1500,2261
Kalidasa-Charitra_by_chilakamarthi_lakshminarasimham,page_0061,data/raw/telugu-ocr/Kalidasa-Charitra_by_chilakamarthi_lakshminarasimham/page_0061.jpg,data/raw/telugu-ocr/Kalidasa-Charitra_by_chilakamarthi_lakshminarasimham/page_0061.txt,549527,3542,1500,2261
Kalidasa-Charitra_by_chilakamarthi_lakshminarasimham,page_0063,data/raw/telugu-ocr/Kalidasa-Charitra_by_chilakamarthi_lakshminarasimham/page_0063.jpg,data/raw/telugu-ocr/Kalidasa-Charitra_by_chilakamarthi_lakshminarasimham/page_0063.txt,599778,3649,1500,2261
Kalidasa-Charitra_by_chilakamarthi_lakshminarasimham,page_0064,data/raw/telugu-ocr/Kalidasa-Charitra_by_chilakamarthi_lakshminarasimham/page_0064.jpg,data/raw/telugu-ocr/Kalidasa-Charitra_by_chilakamarthi_lakshminarasimham/page_0064.txt,585904,3289,1500,2261
Kalidasa-Charitra_by_chilakamarthi_lakshminarasimham,page_0065,data/raw/telugu-ocr/Kalidasa-Charitra_by_chilakamarthi_lakshminarasimham/page_0065.jpg,data/raw/telugu-ocr/Kalidasa-Charitra_by_chilakamarthi_lakshminarasimham/page_0065.txt,556564,3269,1500,2261
Kalidasa-Charitra_by_chilakamarthi_lakshminarasimham,page_0066,data/raw/telugu-ocr/Kalidasa-Charitra_by_chilakamarthi_lakshminarasimham/page_0066.jpg,data/raw/telugu-ocr/Kalidasa-Charitra_by_chilakamarthi_lakshminarasimham/page_0066.txt,560409,3337,1500,2261
Kalidasa-Charitra_by_chilakamarthi_lakshminarasimham,page_0068,data/raw/telugu-ocr/Kalidasa-Charitra_by_chilakamarthi_lakshminarasimham/page_0068.jpg,data/raw/telugu-ocr/Kalidasa-Charitra_by_chilakamarthi_lakshminarasimham/page_0068.txt,562435,3449,1500,2261
Kalidasa-Charitra_by_chilakamarthi_lakshminarasimham,page_0069,data/raw/telugu-ocr/Kalidasa-Charitra_by_chilakamarthi_lakshminarasimham/page_0069.jpg,data/raw/telugu-ocr/Kalidasa-Charitra_by_chilakamarthi_lakshminarasimham/page_0069.txt,541247,3435,1500,2261
Kalidasa-Charitra_by_chilakamarthi_lakshminarasimham,page_0071,data/raw/telugu-ocr/Kalidasa-Charitra_by_chilakamarthi_lakshminarasimham/page_0071.jpg,data/raw/telugu-ocr/Kalidasa-Charitra_by_chilakamarthi_lakshminarasimham/page_0071.txt,513645,2921,1500,2261
Kalidasa-Charitra_by_chilakamarthi_lakshminarasimham,page_0072,data/raw/telugu-ocr/Kalidasa-Charitra_by_chilakamarthi_lakshminarasimham/page_0072.jpg,data/raw/telugu-ocr/Kalidasa-Charitra_by_chilakamarthi_lakshminarasimham/page_0072.txt,538451,3202,1500,2261
Kalidasa-Charitra_by_chilakamarthi_lakshminarasimham,page_0073,data/raw/telugu-ocr/Kalidasa-Charitra_by_chilakamarthi_lakshminarasimham/page_0073.jpg,data/raw/telugu-ocr/Kalidasa-Charitra_by_chilakamarthi_lakshminarasimham/page_0073.txt,431133,2215,1500,2261
Kalidasa-Charitra_by_chilakamarthi_lakshminarasimham,page_0075,data/raw/telugu-ocr/Kalidasa-Charitra_by_chilakamarthi_lakshminarasimham/page_0075.jpg,data/raw/telugu-ocr/Kalidasa-Charitra_by_chilakamarthi_lakshminarasimham/page_0075.txt,545539,3289,1500,2261
Kalidasa-Charitra_by_chilakamarthi_lakshminarasimham,page_0076,data/raw/telugu-ocr/Kalidasa-Charitra_by_chilakamarthi_lakshminarasimham/page_0076.jpg,data/raw/telugu-ocr/Kalidasa-Charitra_by_chilakamarthi_lakshminarasimham/page_0076.txt,534637,3272,1500,2261
Kalidasa-Charitra_by_chilakamarthi_lakshminarasimham,page_0078,data/raw/telugu-ocr/Kalidasa-Charitra_by_chilakamarthi_lakshminarasimham/page_0078.jpg,data/raw/telugu-ocr/Kalidasa-Charitra_by_chilakamarthi_lakshminarasimham/page_0078.txt,520853,3137,1500,2261
Kalidasa-Charitra_by_chilakamarthi_lakshminarasimham,page_0079,data/raw/telugu-ocr/Kalidasa-Charitra_by_chilakamarthi_lakshminarasimham/page_0079.jpg,data/raw/telugu-ocr/Kalidasa-Charitra_by_chilakamarthi_lakshminarasimham/page_0079.txt,539220,3148,1500,2261
Kalidasa-Charitra_by_chilakamarthi_lakshminarasimham,page_0080,data/raw/telugu-ocr/Kalidasa-Charitra_by_chilakamarthi_lakshminarasimham/page_0080.jpg,data/raw/telugu-ocr/Kalidasa-Charitra_by_chilakamarthi_lakshminarasimham/page_0080.txt,514749,2797,1500,2261
Kalidasa-Charitra_by_chilakamarthi_lakshminarasimham,page_0081,data/raw/telugu-ocr/Kalidasa-Charitra_by_chilakamarthi_lakshminarasimham/page_0081.jpg,data/raw/telugu-ocr/Kalidasa-Charitra_by_chilakamarthi_lakshminarasimham/page_0081.txt,592574,3583,1500,2261
Kalidasa-Charitra_by_chilakamarthi_lakshminarasimham,page_0084,data/raw/telugu-ocr/Kalidasa-Charitra_by_chilakamarthi_lakshminarasimham/page_0084.jpg,data/raw/telugu-ocr/Kalidasa-Charitra_by_chilakamarthi_lakshminarasimham/page_0084.txt,546449,3477,1500,2261
Kalidasa-Charitra_by_chilakamarthi_lakshminarasimham,page_0085,data/raw/telugu-ocr/Kalidasa-Charitra_by_chilakamarthi_lakshminarasimham/page_0085.jpg,data/raw/telugu-ocr/Kalidasa-Charitra_by_chilakamarthi_lakshminarasimham/page_0085.txt,542938,3318,1500,2261
Kalidasa-Charitra_by_chilakamarthi_lakshminarasimham,page_0086,data/raw/telugu-ocr/Kalidasa-Charitra_by_chilakamarthi_lakshminarasimham/page_0086.jpg,data/raw/telugu-ocr/Kalidasa-Charitra_by_chilakamarthi_lakshminarasimham/page_0086.txt,558200,3283,1500,2261
Kalidasa-Charitra_by_chilakamarthi_lakshminarasimham,page_0087,data/raw/telugu-ocr/Kalidasa-Charitra_by_chilakamarthi_lakshminarasimham/page_0087.jpg,data/raw/telugu-ocr/Kalidasa-Charitra_by_chilakamarthi_lakshminarasimham/page_0087.txt,513638,3115,1500,2261
Kalidasa-Charitra_by_chilakamarthi_lakshminarasimham,page_0088,data/raw/telugu-ocr/Kalidasa-Charitra_by_chilakamarthi_lakshminarasimham/page_0088.jpg,data/raw/telugu-ocr/Kalidasa-Charitra_by_chilakamarthi_lakshminarasimham/page_0088.txt,506251,2704,1500,2261
Kalidasa-Charitra_by_chilakamarthi_lakshminarasimham,page_0089,data/raw/telugu-ocr/Kalidasa-Charitra_by_chilakamarthi_lakshminarasimham/page_0089.jpg,data/raw/telugu-ocr/Kalidasa-Charitra_by_chilakamarthi_lakshminarasimham/page_0089.txt,584375,3613,1500,2261
Kalidasa-Charitra_by_chilakamarthi_lakshminarasimham,page_0090,data/raw/telugu-ocr/Kalidasa-Charitra_by_chilakamarthi_lakshminarasimham/page_0090.jpg,data/raw/telugu-ocr/Kalidasa-Charitra_by_chilakamarthi_lakshminarasimham/page_0090.txt,604144,3780,1500,2261
Kalidasa-Charitra_by_chilakamarthi_lakshminarasimham,page_0092,data/raw/telugu-ocr/Kalidasa-Charitra_by_chilakamarthi_lakshminarasimham/page_0092.jpg,data/raw/telugu-ocr/Kalidasa-Charitra_by_chilakamarthi_lakshminarasimham/page_0092.txt,506518,2929,1500,2261
Kalidasa-Charitra_by_chilakamarthi_lakshminarasimham,page_0093,data/raw/telugu-ocr/Kalidasa-Charitra_by_chilakamarthi_lakshminarasimham/page_0093.jpg,data/raw/telugu-ocr/Kalidasa-Charitra_by_chilakamarthi_lakshminarasimham/page_0093.txt,478389,2882,1500,2261
Kalidasa-Charitra_by_chilakamarthi_lakshminarasimham,page_0094,data/raw/telugu-ocr/Kalidasa-Charitra_by_chilakamarthi_lakshminarasimham/page_0094.jpg,data/raw/telugu-ocr/Kalidasa-Charitra_by_chilakamarthi_lakshminarasimham/page_0094.txt,544406,3354,1500,2261
Kalidasa-Charitra_by_chilakamarthi_lakshminarasimham,page_0095,data/raw/telugu-ocr/Kalidasa-Charitra_by_chilakamarthi_lakshminarasimham/page_0095.jpg,data/raw/telugu-ocr/Kalidasa-Charitra_by_chilakamarthi_lakshminarasimham/page_0095.txt,585924,3699,1500,2261
Kalidasa-Charitra_by_chilakamarthi_lakshminarasimham,page_0097,data/raw/telugu-ocr/Kalidasa-Charitra_by_chilakamarthi_lakshminarasimham/page_0097.jpg,data/raw/telugu-ocr/Kalidasa-Charitra_by_chilakamarthi_lakshminarasimham/page_0097.txt,560528,3549,1500,2261
Kalidasa-Charitra_by_chilakamarthi_lakshminarasimham,page_0098,data/raw/telugu-ocr/Kalidasa-Charitra_by_chilakamarthi_lakshminarasimham/page_0098.jpg,data/raw/telugu-ocr/Kalidasa-Charitra_by_chilakamarthi_lakshminarasimham/page_0098.txt,492171,2756,1500,2261
Kalidasa-Charitra_by_chilakamarthi_lakshminarasimham,page_0099,data/raw/telugu-ocr/Kalidasa-Charitra_by_chilakamarthi_lakshminarasimham/page_0099.jpg,data/raw/telugu-ocr/Kalidasa-Charitra_by_chilakamarthi_lakshminarasimham/page_0099.txt,521778,3048,1500,2261
Kalidasa-Charitra_by_chilakamarthi_lakshminarasimham,page_0100,data/raw/telugu-ocr/Kalidasa-Charitra_by_chilakamarthi_lakshminarasimham/page_0100.jpg,data/raw/telugu-ocr/Kalidasa-Charitra_by_chilakamarthi_lakshminarasimham/page_0100.txt,596888,3501,1500,2261
Kalidasa-Charitra_by_chilakamarthi_lakshminarasimham,page_0102,data/raw/telugu-ocr/Kalidasa-Charitra_by_chilakamarthi_lakshminarasimham/page_0102.jpg,data/raw/telugu-ocr/Kalidasa-Charitra_by_chilakamarthi_lakshminarasimham/page_0102.txt,528072,3310,1500,2261
Kalidasa-Charitra_by_chilakamarthi_lakshminarasimham,page_0103,data/raw/telugu-ocr/Kalidasa-Charitra_by_chilakamarthi_lakshminarasimham/page_0103.jpg,data/raw/telugu-ocr/Kalidasa-Charitra_by_chilakamarthi_lakshminarasimham/page_0103.txt,499812,2834,1500,2261
Kalidasa-Charitra_by_chilakamarthi_lakshminarasimham,page_0105,data/raw/telugu-ocr/Kalidasa-Charitra_by_chilakamarthi_lakshminarasimham/page_0105.jpg,data/raw/telugu-ocr/Kalidasa-Charitra_by_chilakamarthi_lakshminarasimham/page_0105.txt,443012,2437,1500,2261
Kalidasa-Charitra_by_chilakamarthi_lakshminarasimham,page_0106,data/raw/telugu-ocr/Kalidasa-Charitra_by_chilakamarthi_lakshminarasimham/page_0106.jpg,data/raw/telugu-ocr/Kalidasa-Charitra_by_chilakamarthi_lakshminarasimham/page_0106.txt,429632,2606,1500,2261
Kalidasa-Charitra_by_chilakamarthi_lakshminarasimham,page_0107,data/raw/telugu-ocr/Kalidasa-Charitra_by_chilakamarthi_lakshminarasimham/page_0107.jpg,data/raw/telugu-ocr/Kalidasa-Charitra_by_chilakamarthi_lakshminarasimham/page_0107.txt,468445,2675,1500,2261
Kalidasa-Charitra_by_chilakamarthi_lakshminarasimham,page_0110,data/raw/telugu-ocr/Kalidasa-Charitra_by_chilakamarthi_lakshminarasimham/page_0110.jpg,data/raw/telugu-ocr/Kalidasa-Charitra_by_chilakamarthi_lakshminarasimham/page_0110.txt,428885,2524,1500,2261
Kalidasa-Charitra_by_chilakamarthi_lakshminarasimham,page_0111,data/raw/telugu-ocr/Kalidasa-Charitra_by_chilakamarthi_lakshminarasimham/page_0111.jpg,data/raw/telugu-ocr/Kalidasa-Charitra_by_chilakamarthi_lakshminarasimham/page_0111.txt,588191,3774,1500,2261
Kalidasa-Charitra_by_chilakamarthi_lakshminarasimham,page_0112,data/raw/telugu-ocr/Kalidasa-Charitra_by_chilakamarthi_lakshminarasimham/page_0112.jpg,data/raw/telugu-ocr/Kalidasa-Charitra_by_chilakamarthi_lakshminarasimham/page_0112.txt,574948,3651,1500,2261
Kalidasa-Charitra_by_chilakamarthi_lakshminarasimham,page_0113,data/raw/telugu-ocr/Kalidasa-Charitra_by_chilakamarthi_lakshminarasimham/page_0113.jpg,data/raw/telugu-ocr/Kalidasa-Charitra_by_chilakamarthi_lakshminarasimham/page_0113.txt,509487,2798,1500,2261
Kalidasa-Charitra_by_chilakamarthi_lakshminarasimham,page_0115,data/raw/telugu-ocr/Kalidasa-Charitra_by_chilakamarthi_lakshminarasimham/page_0115.jpg,data/raw/telugu-ocr/Kalidasa-Charitra_by_chilakamarthi_lakshminarasimham/page_0115.txt,517644,2786,1500,2261
Kalidasa-Charitra_by_chilakamarthi_lakshminarasimham,page_0116,data/raw/telugu-ocr/Kalidasa-Charitra_by_chilakamarthi_lakshminarasimham/page_0116.jpg,data/raw/telugu-ocr/Kalidasa-Charitra_by_chilakamarthi_lakshminarasimham/page_0116.txt,496815,2948,1500,2261
Kalidasa-Charitra_by_chilakamarthi_lakshminarasimham,page_0118,data/raw/telugu-ocr/Kalidasa-Charitra_by_chilakamarthi_lakshminarasimham/page_0118.jpg,data/raw/telugu-ocr/Kalidasa-Charitra_by_chilakamarthi_lakshminarasimham/page_0118.txt,479722,2775,1500,2261
Kalidasa-Charitra_by_chilakamarthi_lakshminarasimham,page_0119,data/raw/telugu-ocr/Kalidasa-Charitra_by_chilakamarthi_lakshminarasimham/page_0119.jpg,data/raw/telugu-ocr/Kalidasa-Charitra_by_chilakamarthi_lakshminarasimham/page_0119.txt,521289,2860,1500,2261
Kalidasa-Charitra_by_chilakamarthi_lakshminarasimham,page_0121,data/raw/telugu-ocr/Kalidasa-Charitra_by_chilakamarthi_lakshminarasimham/page_0121.jpg,data/raw/telugu-ocr/Kalidasa-Charitra_by_chilakamarthi_lakshminarasimham/page_0121.txt,592176,3366,1500,2261
Kalidasa-Charitra_by_chilakamarthi_lakshminarasimham,page_0123,data/raw/telugu-ocr/Kalidasa-Charitra_by_chilakamarthi_lakshminarasimham/page_0123.jpg,data/raw/telugu-ocr/Kalidasa-Charitra_by_chilakamarthi_lakshminarasimham/page_0123.txt,553730,3448,1500,2261
Kalidasa-Charitra_by_chilakamarthi_lakshminarasimham,page_0126,data/raw/telugu-ocr/Kalidasa-Charitra_by_chilakamarthi_lakshminarasimham/page_0126.jpg,data/raw/telugu-ocr/Kalidasa-Charitra_by_chilakamarthi_lakshminarasimham/page_0126.txt,524080,3052,1500,2261
Kalidasa-Charitra_by_chilakamarthi_lakshminarasimham,page_0127,data/raw/telugu-ocr/Kalidasa-Charitra_by_chilakamarthi_lakshminarasimham/page_0127.jpg,data/raw/telugu-ocr/Kalidasa-Charitra_by_chilakamarthi_lakshminarasimham/page_0127.txt,459721,2518,1500,2261
Kalidasa-Charitra_by_chilakamarthi_lakshminarasimham,page_0128,data/raw/telugu-ocr/Kalidasa-Charitra_by_chilakamarthi_lakshminarasimham/page_0128.jpg,data/raw/telugu-ocr/Kalidasa-Charitra_by_chilakamarthi_lakshminarasimham/page_0128.txt,591656,3637,1500,2261
Kalidasa-Charitra_by_chilakamarthi_lakshminarasimham,page_0130,data/raw/telugu-ocr/Kalidasa-Charitra_by_chilakamarthi_lakshminarasimham/page_0130.jpg,data/raw/telugu-ocr/Kalidasa-Charitra_by_chilakamarthi_lakshminarasimham/page_0130.txt,492256,2855,1500,2261
Kalidasa-Charitra_by_chilakamarthi_lakshminarasimham,page_0131,data/raw/telugu-ocr/Kalidasa-Charitra_by_chilakamarthi_lakshminarasimham/page_0131.jpg,data/raw/telugu-ocr/Kalidasa-Charitra_by_chilakamarthi_lakshminarasimham/page_0131.txt,532186,3061,1500,2261
Kalidasa-Charitra_by_chilakamarthi_lakshminarasimham,page_0132,data/raw/telugu-ocr/Kalidasa-Charitra_by_chilakamarthi_lakshminarasimham/page_0132.jpg,data/raw/telugu-ocr/Kalidasa-Charitra_by_chilakamarthi_lakshminarasimham/page_0132.txt,574440,3550,1500,2261
Kalidasa-Charitra_by_chilakamarthi_lakshminarasimham,page_0134,data/raw/telugu-ocr/Kalidasa-Charitra_by_chilakamarthi_lakshminarasimham/page_0134.jpg,data/raw/telugu-ocr/Kalidasa-Charitra_by_chilakamarthi_lakshminarasimham/page_0134.txt,541515,3273,1500,2261
Kalidasa-Charitra_by_chilakamarthi_lakshminarasimham,page_0135,data/raw/telugu-ocr/Kalidasa-Charitra_by_chilakamarthi_lakshminarasimham/page_0135.jpg,data/raw/telugu-ocr/Kalidasa-Charitra_by_chilakamarthi_lakshminarasimham/page_0135.txt,531140,2990,1500,2261
Kalidasa-Charitra_by_chilakamarthi_lakshminarasimham,page_0136,data/raw/telugu-ocr/Kalidasa-Charitra_by_chilakamarthi_lakshminarasimham/page_0136.jpg,data/raw/telugu-ocr/Kalidasa-Charitra_by_chilakamarthi_lakshminarasimham/page_0136.txt,532713,3268,1500,2261
Kalidasa-Charitra_by_chilakamarthi_lakshminarasimham,page_0139,data/raw/telugu-ocr/Kalidasa-Charitra_by_chilakamarthi_lakshminarasimham/page_0139.jpg,data/raw/telugu-ocr/Kalidasa-Charitra_by_chilakamarthi_lakshminarasimham/page_0139.txt,567829,3561,1500,2261
Kalidasa-Charitra_by_chilakamarthi_lakshminarasimham,page_0140,data/raw/telugu-ocr/Kalidasa-Charitra_by_chilakamarthi_lakshminarasimham/page_0140.jpg,data/raw/telugu-ocr/Kalidasa-Charitra_by_chilakamarthi_lakshminarasimham/page_0140.txt,463913,2753,1500,2261
Kalidasa-Charitra_by_chilakamarthi_lakshminarasimham,page_0143,data/raw/telugu-ocr/Kalidasa-Charitra_by_chilakamarthi_lakshminarasimham/page_0143.jpg,data/raw/telugu-ocr/Kalidasa-Charitra_by_chilakamarthi_lakshminarasimham/page_0143.txt,446513,2515,1500,2261
Kalidasa-Charitra_by_chilakamarthi_lakshminarasimham,page_0144,data/raw/telugu-ocr/Kalidasa-Charitra_by_chilakamarthi_lakshminarasimham/page_0144.jpg,data/raw/telugu-ocr/Kalidasa-Charitra_by_chilakamarthi_lakshminarasimham/page_0144.txt,517572,2925,1500,2261
Kalidasa-Charitra_by_chilakamarthi_lakshminarasimham,page_0145,data/raw/telugu-ocr/Kalidasa-Charitra_by_chilakamarthi_lakshminarasimham/page_0145.jpg,data/raw/telugu-ocr/Kalidasa-Charitra_by_chilakamarthi_lakshminarasimham/page_0145.txt,577030,3738,1500,2261
Kalidasa-Charitra_by_chilakamarthi_lakshminarasimham,page_0148,data/raw/telugu-ocr/Kalidasa-Charitra_by_chilakamarthi_lakshminarasimham/page_0148.jpg,data/raw/telugu-ocr/Kalidasa-Charitra_by_chilakamarthi_lakshminarasimham/page_0148.txt,567314,3635,1500,2261
Kalidasa-Charitra_by_chilakamarthi_lakshminarasimham,page_0149,data/raw/telugu-ocr/Kalidasa-Charitra_by_chilakamarthi_lakshminarasimham/page_0149.jpg,data/raw/telugu-ocr/Kalidasa-Charitra_by_chilakamarthi_lakshminarasimham/page_0149.txt,567951,3225,1500,2261
Kalidasa-Charitra_by_chilakamarthi_lakshminarasimham,page_0150,data/raw/telugu-ocr/Kalidasa-Charitra_by_chilakamarthi_lakshminarasimham/page_0150.jpg,data/raw/telugu-ocr/Kalidasa-Charitra_by_chilakamarthi_lakshminarasimham/page_0150.txt,587031,3592,1500,2261
Kalidasa-Charitra_by_chilakamarthi_lakshminarasimham,page_0151,data/raw/telugu-ocr/Kalidasa-Charitra_by_chilakamarthi_lakshminarasimham/page_0151.jpg,data/raw/telugu-ocr/Kalidasa-Charitra_by_chilakamarthi_lakshminarasimham/page_0151.txt,567556,3389,1500,2261
Kalidasa-Charitra_by_chilakamarthi_lakshminarasimham,page_0152,data/raw/telugu-ocr/Kalidasa-Charitra_by_chilakamarthi_lakshminarasimham/page_0152.jpg,data/raw/telugu-ocr/Kalidasa-Charitra_by_chilakamarthi_lakshminarasimham/page_0152.txt,496787,3056,1500,2261
Kalidasa-Charitra_by_chilakamarthi_lakshminarasimham,page_0153,data/raw/telugu-ocr/Kalidasa-Charitra_by_chilakamarthi_lakshminarasimham/page_0153.jpg,data/raw/telugu-ocr/Kalidasa-Charitra_by_chilakamarthi_lakshminarasimham/page_0153.txt,487111,2763,1500,2261
Kalidasa-Charitra_by_chilakamarthi_lakshminarasimham,page_0154,data/raw/telugu-ocr/Kalidasa-Charitra_by_chilakamarthi_lakshminarasimham/page_0154.jpg,data/raw/telugu-ocr/Kalidasa-Charitra_by_chilakamarthi_lakshminarasimham/page_0154.txt,572448,3563,1500,2261
Kalidasa-Charitra_by_chilakamarthi_lakshminarasimham,page_0155,data/raw/telugu-ocr/Kalidasa-Charitra_by_chilakamarthi_lakshminarasimham/page_0155.jpg,data/raw/telugu-ocr/Kalidasa-Charitra_by_chilakamarthi_lakshminarasimham/page_0155.txt,510526,3141,1500,2261
Kalidasa-Charitra_by_chilakamarthi_lakshminarasimham,page_0156,data/raw/telugu-ocr/Kalidasa-Charitra_by_chilakamarthi_lakshminarasimham/page_0156.jpg,data/raw/telugu-ocr/Kalidasa-Charitra_by_chilakamarthi_lakshminarasimham/page_0156.txt,494958,3033,1500,2261
Kalidasa-Charitra_by_chilakamarthi_lakshminarasimham,page_0157,data/raw/telugu-ocr/Kalidasa-Charitra_by_chilakamarthi_lakshminarasimham/page_0157.jpg,data/raw/telugu-ocr/Kalidasa-Charitra_by_chilakamarthi_lakshminarasimham/page_0157.txt,541929,3215,1500,2261
Kalidasa-Charitra_by_chilakamarthi_lakshminarasimham,page_0158,data/raw/telugu-ocr/Kalidasa-Charitra_by_chilakamarthi_lakshminarasimham/page_0158.jpg,data/raw/telugu-ocr/Kalidasa-Charitra_by_chilakamarthi_lakshminarasimham/page_0158.txt,472870,2902,1500,2261
Kalidasa-Charitra_by_chilakamarthi_lakshminarasimham,page_0159,data/raw/telugu-ocr/Kalidasa-Charitra_by_chilakamarthi_lakshminarasimham/page_0159.jpg,data/raw/telugu-ocr/Kalidasa-Charitra_by_chilakamarthi_lakshminarasimham/page_0159.txt,469620,2605,1500,2261
Kalidasa-Charitra_by_chilakamarthi_lakshminarasimham,page_0160,data/raw/telugu-ocr/Kalidasa-Charitra_by_chilakamarthi_lakshminarasimham/page_0160.jpg,data/raw/telugu-ocr/Kalidasa-Charitra_by_chilakamarthi_lakshminarasimham/page_0160.txt,543567,3028,1500,2261
Kalidasa-Charitra_by_chilakamarthi_lakshminarasimham,page_0161,data/raw/telugu-ocr/Kalidasa-Charitra_by_chilakamarthi_lakshminarasimham/page_0161.jpg,data/raw/telugu-ocr/Kalidasa-Charitra_by_chilakamarthi_lakshminarasimham/page_0161.txt,592990,3560,1500,2261
Kalidasa-Charitra_by_chilakamarthi_lakshminarasimham,page_0164,data/raw/telugu-ocr/Kalidasa-Charitra_by_chilakamarthi_lakshminarasimham/page_0164.jpg,data/raw/telugu-ocr/Kalidasa-Charitra_by_chilakamarthi_lakshminarasimham/page_0164.txt,511840,2978,1500,2261
Kalidasa-Charitra_by_chilakamarthi_lakshminarasimham,page_0166,data/raw/telugu-ocr/Kalidasa-Charitra_by_chilakamarthi_lakshminarasimham/page_0166.jpg,data/raw/telugu-ocr/Kalidasa-Charitra_by_chilakamarthi_lakshminarasimham/page_0166.txt,561121,3333,1500,2261
Kalidasa-Charitra_by_chilakamarthi_lakshminarasimham,page_0167,data/raw/telugu-ocr/Kalidasa-Charitra_by_chilakamarthi_lakshminarasimham/page_0167.jpg,data/raw/telugu-ocr/Kalidasa-Charitra_by_chilakamarthi_lakshminarasimham/page_0167.txt,619024,3731,1500,2261
Kalidasa-Charitra_by_chilakamarthi_lakshminarasimham,page_0168,data/raw/telugu-ocr/Kalidasa-Charitra_by_chilakamarthi_lakshminarasimham/page_0168.jpg,data/raw/telugu-ocr/Kalidasa-Charitra_by_chilakamarthi_lakshminarasimham/page_0168.txt,587908,3418,1500,2261
Kalidasa-Charitra_by_chilakamarthi_lakshminarasimham,page_0169,data/raw/telugu-ocr/Kalidasa-Charitra_by_chilakamarthi_lakshminarasimham/page_0169.jpg,data/raw/telugu-ocr/Kalidasa-Charitra_by_chilakamarthi_lakshminarasimham/page_0169.txt,575548,3588,1500,2261
Kalidasa-Charitra_by_chilakamarthi_lakshminarasimham,page_0170,data/raw/telugu-ocr/Kalidasa-Charitra_by_chilakamarthi_lakshminarasimham/page_0170.jpg,data/raw/telugu-ocr/Kalidasa-Charitra_by_chilakamarthi_lakshminarasimham/page_0170.txt,558765,3382,1500,2261
Kalidasa-Charitra_by_chilakamarthi_lakshminarasimham,page_0172,data/raw/telugu-ocr/Kalidasa-Charitra_by_chilakamarthi_lakshminarasimham/page_0172.jpg,data/raw/telugu-ocr/Kalidasa-Charitra_by_chilakamarthi_lakshminarasimham/page_0172.txt,537540,3191,1500,2261
Kalidasa-Charitra_by_chilakamarthi_lakshminarasimham,page_0175,data/raw/telugu-ocr/Kalidasa-Charitra_by_chilakamarthi_lakshminarasimham/page_0175.jpg,data/raw/telugu-ocr/Kalidasa-Charitra_by_chilakamarthi_lakshminarasimham/page_0175.txt,543284,3109,1500,2261
Kalidasa-Charitra_by_chilakamarthi_lakshminarasimham,page_0176,data/raw/telugu-ocr/Kalidasa-Charitra_by_chilakamarthi_lakshminarasimham/page_0176.jpg,data/raw/telugu-ocr/Kalidasa-Charitra_by_chilakamarthi_lakshminarasimham/page_0176.txt,562897,3476,1500,2261
Kalidasa-Charitra_by_chilakamarthi_lakshminarasimham,page_0177,data/raw/telugu-ocr/Kalidasa-Charitra_by_chilakamarthi_lakshminarasimham/page_0177.jpg,data/raw/telugu-ocr/Kalidasa-Charitra_by_chilakamarthi_lakshminarasimham/page_0177.txt,606312,3753,1500,2261
Kalidasa-Charitra_by_chilakamarthi_lakshminarasimham,page_0178,data/raw/telugu-ocr/Kalidasa-Charitra_by_chilakamarthi_lakshminarasimham/page_0178.jpg,data/raw/telugu-ocr/Kalidasa-Charitra_by_chilakamarthi_lakshminarasimham/page_0178.txt,594319,3837,1500,2261
Kalidasa-Charitra_by_chilakamarthi_lakshminarasimham,page_0179,data/raw/telugu-ocr/Kalidasa-Charitra_by_chilakamarthi_lakshminarasimham/page_0179.jpg,data/raw/telugu-ocr/Kalidasa-Charitra_by_chilakamarthi_lakshminarasimham/page_0179.txt,506675,2836,1500,2261
Kalidasa-Charitra_by_chilakamarthi_lakshminarasimham,page_0180,data/raw/telugu-ocr/Kalidasa-Charitra_by_chilakamarthi_lakshminarasimham/page_0180.jpg,data/raw/telugu-ocr/Kalidasa-Charitra_by_chilakamarthi_lakshminarasimham/page_0180.txt,575098,3407,1500,2261
Kalidasa-Charitra_by_chilakamarthi_lakshminarasimham,page_0181,data/raw/telugu-ocr/Kalidasa-Charitra_by_chilakamarthi_lakshminarasimham/page_0181.jpg,data/raw/telugu-ocr/Kalidasa-Charitra_by_chilakamarthi_lakshminarasimham/page_0181.txt,551581,3221,1500,2261
